Stagione,Data,Ora,Casa,Ospite,GolCasa,GolOspite,Esito,Arbitro,Giornata,QuartoUomo,Var,Avar,FalliCasa,FalliOspite,GialliCasa,GialliOspite,RossiCasa,RossiOspite
2022/23,05/08/2022,19:30,Ein Frankfurt,Bayern Munich,1,6,A,,,,,,10,11,2,0,0,0
2022/23,06/08/2022,14:30,Augsburg,Freiburg,0,4,A,,,,,,13,13,0,0,0,0
2022/23,06/08/2022,14:30,Bochum,Mainz,1,2,A,,,,,,11,16,2,3,0,0
2022/23,06/08/2022,17:30,Dortmund,Leverkusen,1,0,H,,,,,,14,13,2,4,0,1
2022/23,06/08/2022,14:30,M'gladbach,Hoffenheim,3,1,H,,,,,,18,12,1,4,0,1
2022/23,06/08/2022,14:30,Union Berlin,Hertha,3,1,H,,,,,,23,17,2,3,0,0
2022/23,06/08/2022,14:30,Wolfsburg,Werder Bremen,2,2,D,,,,,,11,14,2,2,0,0
2022/23,07/08/2022,16:30,FC Koln,Schalke 04,3,1,H,,,,,,8,10,0,1,0,1
2022/23,07/08/2022,14:30,Stuttgart,RB Leipzig,1,1,D,,,,,,14,9,2,1,0,0
2022/23,12/08/2022,19:30,Freiburg,Dortmund,1,3,A,,,,,,16,10,1,3,0,0
2022/23,13/08/2022,14:30,Hertha,Ein Frankfurt,1,1,D,,,,,,11,11,3,1,0,0
2022/23,13/08/2022,14:30,Hoffenheim,Bochum,3,2,H,,,,,,13,10,1,1,0,0
2022/23,13/08/2022,14:30,Leverkusen,Augsburg,1,2,A,,,,,,7,16,1,6,0,0
2022/23,13/08/2022,14:30,RB Leipzig,FC Koln,2,2,D,,,,,,8,18,1,4,1,0
2022/23,13/08/2022,17:30,Schalke 04,M'gladbach,2,2,D,,,,,,12,8,4,2,0,0
2022/23,13/08/2022,14:30,Werder Bremen,Stuttgart,2,2,D,,,,,,6,10,4,2,0,0
2022/23,14/08/2022,16:30,Bayern Munich,Wolfsburg,2,0,H,,,,,,7,10,2,1,0,0
2022/23,14/08/2022,14:30,Mainz,Union Berlin,0,0,D,,,,,,9,14,1,0,0,0
2022/23,19/08/2022,19:30,M'gladbach,Hertha,1,0,H,,,,,,7,11,1,2,0,1
2022/23,20/08/2022,14:30,Augsburg,Mainz,1,2,A,,,,,,13,19,2,2,0,0
2022/23,20/08/2022,14:30,Dortmund,Werder Bremen,2,3,A,,,,,,13,9,4,1,0,0
2022/23,20/08/2022,14:30,Leverkusen,Hoffenheim,0,3,A,,,,,,15,18,1,4,0,0
2022/23,20/08/2022,14:30,Stuttgart,Freiburg,0,1,A,,,,,,8,12,4,2,0,0
2022/23,20/08/2022,17:30,Union Berlin,RB Leipzig,2,1,H,,,,,,14,8,2,1,0,0
2022/23,20/08/2022,14:30,Wolfsburg,Schalke 04,0,0,D,,,,,,13,10,1,3,0,0
2022/23,21/08/2022,16:30,Bochum,Bayern Munich,0,7,A,,,,,,10,6,1,0,0,0
2022/23,21/08/2022,14:30,Ein Frankfurt,FC Koln,1,1,D,,,,,,15,11,0,1,0,0
2022/23,26/08/2022,19:30,Freiburg,Bochum,1,0,H,,,,,,15,13,2,2,0,0
2022/23,27/08/2022,17:30,Bayern Munich,M'gladbach,1,1,D,,,,,,14,7,4,2,0,0
2022/23,27/08/2022,14:30,Hertha,Dortmund,0,1,A,,,,,,8,9,1,0,0,0
2022/23,27/08/2022,14:30,Hoffenheim,Augsburg,1,0,H,,,,,,14,9,1,1,0,0
2022/23,27/08/2022,14:30,Mainz,Leverkusen,0,3,A,,,,,,10,12,1,6,0,2
2022/23,27/08/2022,14:30,RB Leipzig,Wolfsburg,2,0,H,,,,,,20,15,3,3,0,0
2022/23,27/08/2022,14:30,Schalke 04,Union Berlin,1,6,A,,,,,,9,11,1,0,0,0
2022/23,28/08/2022,14:30,FC Koln,Stuttgart,0,0,D,,,,,,14,12,2,2,0,1
2022/23,28/08/2022,16:30,Werder Bremen,Ein Frankfurt,3,4,A,,,,,,17,17,1,3,0,0
2022/23,02/09/2022,19:30,Dortmund,Hoffenheim,1,0,H,,,,,,14,15,3,4,0,0
2022/23,03/09/2022,14:30,Bochum,Werder Bremen,0,2,A,,,,,,15,10,2,2,0,0
2022/23,03/09/2022,17:30,Ein Frankfurt,RB Leipzig,4,0,H,,,,,,14,10,1,1,0,0
2022/23,03/09/2022,14:30,Leverkusen,Freiburg,2,3,A,,,,,,15,10,2,2,0,0
2022/23,03/09/2022,14:30,Stuttgart,Schalke 04,1,1,D,,,,,,11,10,4,2,1,0
2022/23,03/09/2022,14:30,Union Berlin,Bayern Munich,1,1,D,,,,,,19,7,1,2,0,0
2022/23,03/09/2022,14:30,Wolfsburg,FC Koln,2,4,A,,,,,,13,14,2,1,0,0
2022/23,04/09/2022,14:30,Augsburg,Hertha,0,2,A,,,,,,12,15,2,1,0,0
2022/23,04/09/2022,16:30,M'gladbach,Mainz,0,1,A,,,,,,8,15,1,4,1,0
2022/23,09/09/2022,19:30,Werder Bremen,Augsburg,0,1,A,,,,,,12,12,4,5,0,0
2022/23,10/09/2022,14:30,Bayern Munich,Stuttgart,2,2,D,,,,,,11,9,2,5,0,0
2022/23,10/09/2022,14:30,Ein Frankfurt,Wolfsburg,0,1,A,,,,,,16,13,2,4,0,0
2022/23,10/09/2022,14:30,Hertha,Leverkusen,2,2,D,,,,,,15,16,3,1,0,0
2022/23,10/09/2022,14:30,Hoffenheim,Mainz,4,1,H,,,,,,9,13,3,2,0,1
2022/23,10/09/2022,14:30,RB Leipzig,Dortmund,3,0,H,,,,,,12,6,2,1,0,0
2022/23,10/09/2022,17:30,Schalke 04,Bochum,3,1,H,,,,,,12,16,2,3,0,0
2022/23,11/09/2022,14:30,FC Koln,Union Berlin,0,1,A,,,,,,15,12,4,1,1,0
2022/23,11/09/2022,16:30,Freiburg,M'gladbach,0,0,D,,,,,,13,6,1,1,0,0
2022/23,16/09/2022,19:30,Mainz,Hertha,1,1,D,,,,,,12,10,3,5,0,0
2022/23,17/09/2022,14:30,Augsburg,Bayern Munich,1,0,H,,,,,,16,9,3,1,0,0
2022/23,17/09/2022,14:30,Dortmund,Schalke 04,1,0,H,,,,,,12,14,3,2,0,0
2022/23,17/09/2022,14:30,Leverkusen,Werder Bremen,1,1,D,,,,,,5,14,2,3,0,0
2022/23,17/09/2022,17:30,M'gladbach,RB Leipzig,3,0,H,,,,,,14,14,2,2,0,0
2022/23,17/09/2022,14:30,Stuttgart,Ein Frankfurt,1,3,A,,,,,,9,11,2,0,0,0
2022/23,18/09/2022,16:30,Bochum,FC Koln,1,1,D,,,,,,12,8,0,1,0,0
2022/23,18/09/2022,18:30,Hoffenheim,Freiburg,0,0,D,,,,,,15,9,1,2,0,0
2022/23,18/09/2022,14:30,Union Berlin,Wolfsburg,2,0,H,,,,,,18,6,0,0,0,0
2022/23,30/09/2022,19:30,Bayern Munich,Leverkusen,4,0,H,,,,,,10,6,0,0,0,0
2022/23,01/10/2022,14:30,Ein Frankfurt,Union Berlin,2,0,H,,,,,,4,11,3,4,1,0
2022/23,01/10/2022,14:30,FC Koln,Dortmund,3,2,H,,,,,,14,10,4,3,0,0
2022/23,01/10/2022,14:30,Freiburg,Mainz,2,1,H,,,,,,9,15,2,4,0,0
2022/23,01/10/2022,14:30,RB Leipzig,Bochum,4,0,H,,,,,,8,8,0,2,0,0
2022/23,01/10/2022,17:30,Werder Bremen,M'gladbach,5,1,H,,,,,,8,8,0,1,0,0
2022/23,01/10/2022,14:30,Wolfsburg,Stuttgart,3,2,H,,,,,,16,14,3,5,0,0
2022/23,02/10/2022,14:30,Hertha,Hoffenheim,1,1,D,,,,,,5,15,2,1,0,0
2022/23,02/10/2022,16:30,Schalke 04,Augsburg,2,3,A,,,,,,11,10,2,6,0,1
2022/23,07/10/2022,19:30,Hoffenheim,Werder Bremen,1,2,A,,,,,,12,18,3,3,0,0
2022/23,08/10/2022,14:30,Augsburg,Wolfsburg,1,1,D,,,,,,19,11,5,3,0,0
2022/23,08/10/2022,14:30,Bochum,Ein Frankfurt,3,0,H,,,,,,12,10,2,1,0,0
2022/23,08/10/2022,17:30,Dortmund,Bayern Munich,2,2,D,,,,,,8,11,3,6,0,1
2022/23,08/10/2022,14:30,Leverkusen,Schalke 04,4,0,H,,,,,,9,17,1,1,0,0
2022/23,08/10/2022,14:30,Mainz,RB Leipzig,1,1,D,,,,,,12,12,1,1,0,0
2022/23,09/10/2022,16:30,Hertha,Freiburg,2,2,D,,,,,,14,13,2,1,0,0
2022/23,09/10/2022,14:30,M'gladbach,FC Koln,5,2,H,,,,,,8,14,2,3,0,1
2022/23,09/10/2022,18:30,Stuttgart,Union Berlin,0,1,A,,,,,,12,10,3,3,1,0
2022/23,14/10/2022,19:30,Schalke 04,Hoffenheim,0,3,A,,,,,,12,8,2,2,0,0
2022/23,15/10/2022,14:30,Ein Frankfurt,Leverkusen,5,1,H,,,,,,10,9,0,4,0,1
2022/23,15/10/2022,17:30,RB Leipzig,Hertha,3,2,H,,,,,,17,9,2,3,0,0
2022/23,15/10/2022,14:30,Stuttgart,Bochum,4,1,H,,,,,,6,17,0,3,0,0
2022/23,15/10/2022,14:30,Werder Bremen,Mainz,0,2,A,,,,,,3,11,1,2,0,0
2022/23,15/10/2022,14:30,Wolfsburg,M'gladbach,2,2,D,,,,,,13,11,3,3,0,0
2022/23,16/10/2022,18:30,Bayern Munich,Freiburg,5,0,H,,,,,,8,9,0,2,0,0
2022/23,16/10/2022,14:30,FC Koln,Augsburg,3,2,H,,,,,,11,15,2,4,0,0
2022/23,16/10/2022,16:30,Union Berlin,Dortmund,2,0,H,,,,,,15,5,1,2,0,0
2022/23,21/10/2022,19:30,Mainz,FC Koln,5,0,H,,,,,,13,14,1,5,0,1
2022/23,22/10/2022,14:30,Augsburg,RB Leipzig,3,3,D,,,,,,15,11,7,1,1,0
2022/23,22/10/2022,14:30,Dortmund,Stuttgart,5,0,H,,,,,,7,8,1,0,0,0
2022/23,22/10/2022,14:30,Freiburg,Werder Bremen,2,0,H,,,,,,14,12,2,2,0,1
2022/23,22/10/2022,14:30,Hoffenheim,Bayern Munich,0,2,A,,,,,,12,8,3,2,0,0
2022/23,22/10/2022,14:30,Leverkusen,Wolfsburg,2,2,D,,,,,,19,5,3,1,0,0
2022/23,22/10/2022,17:30,M'gladbach,Ein Frankfurt,1,3,A,,,,,,9,20,3,2,0,0
2022/23,23/10/2022,14:30,Bochum,Union Berlin,2,1,H,,,,,,14,10,1,3,0,0
2022/23,23/10/2022,16:30,Hertha,Schalke 04,2,1,H,,,,,,14,14,5,1,0,0
2022/23,28/10/2022,19:30,Werder Bremen,Hertha,1,0,H,,,,,,14,11,2,3,0,0
2022/23,29/10/2022,14:30,Bayern Munich,Mainz,6,2,H,,,,,,10,11,1,1,0,0
2022/23,29/10/2022,17:30,Ein Frankfurt,Dortmund,1,2,A,,,,,,15,11,5,5,0,0
2022/23,29/10/2022,14:30,RB Leipzig,Leverkusen,2,0,H,,,,,,9,7,3,3,0,0
2022/23,29/10/2022,14:30,Stuttgart,Augsburg,2,1,H,,,,,,7,12,1,2,0,0
2022/23,29/10/2022,14:30,Wolfsburg,Bochum,4,0,H,,,,,,7,17,1,1,0,0
2022/23,30/10/2022,18:30,FC Koln,Hoffenheim,1,1,D,,,,,,11,10,1,2,0,1
2022/23,30/10/2022,16:30,Schalke 04,Freiburg,0,2,A,,,,,,20,7,3,2,0,0
2022/23,30/10/2022,14:30,Union Berlin,M'gladbach,2,1,H,,,,,,17,6,3,2,0,0
2022/23,04/11/2022,19:30,M'gladbach,Stuttgart,3,1,H,,,,,,13,16,2,1,0,0
2022/23,05/11/2022,14:30,Augsburg,Ein Frankfurt,1,2,A,,,,,,17,15,0,1,0,0
2022/23,05/11/2022,14:30,Dortmund,Bochum,3,0,H,,,,,,7,14,1,1,0,0
2022/23,05/11/2022,14:30,Hertha,Bayern Munich,2,3,A,,,,,,13,9,0,0,0,0
2022/23,05/11/2022,14:30,Hoffenheim,RB Leipzig,1,3,A,,,,,,9,9,4,2,0,0
2022/23,05/11/2022,14:30,Mainz,Wolfsburg,0,3,A,,,,,,15,6,1,1,0,0
2022/23,05/11/2022,17:30,Werder Bremen,Schalke 04,2,1,H,,,,,,11,12,3,2,0,0
2022/23,06/11/2022,16:30,Freiburg,FC Koln,2,0,H,,,,,,9,10,0,1,0,0
2022/23,06/11/2022,14:30,Leverkusen,Union Berlin,5,0,H,,,,,,11,17,1,4,0,0
2022/23,08/11/2022,19:30,Bayern Munich,Werder Bremen,6,1,H,,,,,,9,8,0,0,0,0
2022/23,08/11/2022,19:30,Bochum,M'gladbach,2,1,H,,,,,,11,14,1,3,0,0
2022/23,08/11/2022,19:30,Stuttgart,Hertha,2,1,H,,,,,,9,15,3,2,0,0
2022/23,08/11/2022,17:30,Wolfsburg,Dortmund,2,0,H,,,,,,10,12,4,2,0,0
2022/23,09/11/2022,19:30,Ein Frankfurt,Hoffenheim,4,2,H,,,,,,9,22,0,3,0,0
2022/23,09/11/2022,17:30,FC Koln,Leverkusen,1,2,A,,,,,,9,7,1,2,0,0
2022/23,09/11/2022,19:30,RB Leipzig,Freiburg,3,1,H,,,,,,9,21,1,4,0,0
2022/23,09/11/2022,19:30,Schalke 04,Mainz,1,0,H,,,,,,16,17,3,1,0,0
2022/23,09/11/2022,19:30,Union Berlin,Augsburg,2,2,D,,,,,,7,10,1,4,0,0
2022/23,11/11/2022,19:30,M'gladbach,Dortmund,4,2,H,,,,,,12,12,1,2,0,0
2022/23,12/11/2022,14:30,Augsburg,Bochum,0,1,A,,,,,,12,9,1,1,0,0
2022/23,12/11/2022,14:30,Hertha,FC Koln,2,0,H,,,,,,15,10,3,1,0,0
2022/23,12/11/2022,14:30,Hoffenheim,Wolfsburg,1,2,A,,,,,,15,11,0,3,0,0
2022/23,12/11/2022,14:30,Leverkusen,Stuttgart,2,0,H,,,,,,11,10,2,3,0,0
2022/23,12/11/2022,17:30,Schalke 04,Bayern Munich,0,2,A,,,,,,7,4,0,0,0,0
2022/23,12/11/2022,14:30,Werder Bremen,RB Leipzig,1,2,A,,,,,,14,8,1,2,0,0
2022/23,13/11/2022,16:30,Freiburg,Union Berlin,4,1,H,,,,,,13,9,0,1,0,1
2022/23,13/11/2022,14:30,Mainz,Ein Frankfurt,1,1,D,,,,,,12,8,2,2,0,0
2022/23,20/01/2023,19:30,RB Leipzig,Bayern Munich,1,1,D,,,,,,17,12,2,3,0,0
2022/23,21/01/2023,14:30,Bochum,Hertha,3,1,H,,,,,,13,13,1,1,0,0
2022/23,21/01/2023,14:30,Ein Frankfurt,Schalke 04,3,0,H,,,,,,14,10,2,3,0,0
2022/23,21/01/2023,17:30,FC Koln,Werder Bremen,7,1,H,,,,,,10,14,0,0,0,0
2022/23,21/01/2023,14:30,Stuttgart,Mainz,1,1,D,,,,,,15,17,1,3,0,0
2022/23,21/01/2023,14:30,Union Berlin,Hoffenheim,3,1,H,,,,,,11,13,2,1,0,0
2022/23,21/01/2023,14:30,Wolfsburg,Freiburg,6,0,H,,,,,,11,12,1,2,0,0
2022/23,22/01/2023,14:30,Dortmund,Augsburg,4,3,H,,,,,,6,9,1,4,0,0
2022/23,22/01/2023,16:30,M'gladbach,Leverkusen,2,3,A,,,,,,12,14,3,2,0,0
2022/23,24/01/2023,19:30,Bayern Munich,FC Koln,1,1,D,,,,,,7,10,0,1,0,0
2022/23,24/01/2023,19:30,Hertha,Wolfsburg,0,5,A,,,,,,20,13,2,0,0,0
2022/23,24/01/2023,19:30,Hoffenheim,Stuttgart,2,2,D,,,,,,12,4,1,3,0,1
2022/23,24/01/2023,17:30,Schalke 04,RB Leipzig,1,6,A,,,,,,16,13,1,1,0,0
2022/23,25/01/2023,19:30,Augsburg,M'gladbach,1,0,H,,,,,,15,15,1,2,0,0
2022/23,25/01/2023,19:30,Freiburg,Ein Frankfurt,1,1,D,,,,,,15,15,3,3,0,0
2022/23,25/01/2023,19:30,Leverkusen,Bochum,2,0,H,,,,,,15,14,2,4,0,0
2022/23,25/01/2023,17:30,Mainz,Dortmund,1,2,A,,,,,,15,7,2,0,0,0
2022/23,25/01/2023,19:30,Werder Bremen,Union Berlin,1,2,A,,,,,,11,17,0,0,0,0
2022/23,27/01/2023,19:30,RB Leipzig,Stuttgart,2,1,H,,,,,,8,6,0,0,0,0
2022/23,28/01/2023,17:30,Bayern Munich,Ein Frankfurt,1,1,D,,,,,,6,4,3,1,0,0
2022/23,28/01/2023,14:30,Freiburg,Augsburg,3,1,H,,,,,,14,9,3,3,0,0
2022/23,28/01/2023,14:30,Hertha,Union Berlin,0,2,A,,,,,,12,13,1,2,0,0
2022/23,28/01/2023,14:30,Hoffenheim,M'gladbach,1,4,A,,,,,,23,10,2,1,0,0
2022/23,28/01/2023,14:30,Mainz,Bochum,5,2,H,,,,,,17,11,0,1,0,0
2022/23,28/01/2023,14:30,Werder Bremen,Wolfsburg,2,1,H,,,,,,16,12,3,3,0,0
2022/23,29/01/2023,16:30,Leverkusen,Dortmund,0,2,A,,,,,,13,20,2,4,0,0
2022/23,29/01/2023,14:30,Schalke 04,FC Koln,0,0,D,,,,,,13,16,3,4,0,0
2022/23,03/02/2023,19:30,Augsburg,Leverkusen,1,0,H,,,,,,14,8,3,2,0,0
2022/23,04/02/2023,14:30,Bochum,Hoffenheim,5,2,H,,,,,,13,15,2,3,0,0
2022/23,04/02/2023,14:30,Dortmund,Freiburg,5,1,H,,,,,,13,14,3,4,0,1
2022/23,04/02/2023,14:30,Ein Frankfurt,Hertha,3,0,H,,,,,,12,10,1,2,0,0
2022/23,04/02/2023,14:30,FC Koln,RB Leipzig,0,0,D,,,,,,10,15,3,4,0,0
2022/23,04/02/2023,17:30,M'gladbach,Schalke 04,0,0,D,,,,,,9,15,2,3,0,0
2022/23,04/02/2023,14:30,Union Berlin,Mainz,2,1,H,,,,,,12,10,1,1,0,0
2022/23,05/02/2023,14:30,Stuttgart,Werder Bremen,0,2,A,,,,,,8,17,2,5,0,0
2022/23,05/02/2023,16:30,Wolfsburg,Bayern Munich,2,4,A,,,,,,10,9,2,6,0,1
2022/23,10/02/2023,19:30,Schalke 04,Wolfsburg,0,0,D,,,,,,10,20,1,4,0,0
2022/23,11/02/2023,14:30,Bayern Munich,Bochum,3,0,H,,,,,,10,12,1,1,0,0
2022/23,11/02/2023,14:30,Freiburg,Stuttgart,2,1,H,,,,,,13,10,3,3,0,0
2022/23,11/02/2023,14:30,Hoffenheim,Leverkusen,1,3,A,,,,,,15,9,3,1,0,0
2022/23,11/02/2023,14:30,Mainz,Augsburg,3,1,H,,,,,,12,6,1,1,0,0
2022/23,11/02/2023,17:30,RB Leipzig,Union Berlin,1,2,A,,,,,,15,13,4,4,0,0
2022/23,11/02/2023,14:30,Werder Bremen,Dortmund,0,2,A,,,,,,7,7,1,0,0,0
2022/23,12/02/2023,16:30,FC Koln,Ein Frankfurt,3,0,H,,,,,,15,11,3,2,0,0
2022/23,12/02/2023,14:30,Hertha,M'gladbach,4,1,H,,,,,,12,11,1,1,0,0
2022/23,17/02/2023,19:30,Augsburg,Hoffenheim,1,0,H,,,,,,13,14,3,3,0,0
2022/23,18/02/2023,14:30,Bochum,Freiburg,0,2,A,,,,,,15,10,4,2,1,0
2022/23,18/02/2023,17:30,Ein Frankfurt,Werder Bremen,2,0,H,,,,,,15,9,1,1,0,0
2022/23,18/02/2023,14:30,M'gladbach,Bayern Munich,3,2,H,,,,,,9,9,0,1,0,1
2022/23,18/02/2023,14:30,Stuttgart,FC Koln,3,0,H,,,,,,10,12,3,4,0,0
2022/23,18/02/2023,14:30,Wolfsburg,RB Leipzig,0,3,A,,,,,,16,15,1,1,0,0
2022/23,19/02/2023,16:30,Dortmund,Hertha,4,1,H,,,,,,8,15,1,2,0,0
2022/23,19/02/2023,18:30,Leverkusen,Mainz,2,3,A,,,,,,14,19,5,5,1,0
2022/23,19/02/2023,14:30,Union Berlin,Schalke 04,0,0,D,,,,,,13,19,2,1,0,0
2022/23,24/02/2023,19:30,Mainz,M'gladbach,4,0,H,,,,,,17,6,2,3,0,0
2022/23,25/02/2023,14:30,FC Koln,Wolfsburg,0,2,A,,,,,,9,16,1,2,0,0
2022/23,25/02/2023,14:30,Hertha,Augsburg,2,0,H,,,,,,16,19,1,3,0,0
2022/23,25/02/2023,14:30,Hoffenheim,Dortmund,0,1,A,,,,,,11,7,3,1,0,0
2022/23,25/02/2023,14:30,RB Leipzig,Ein Frankfurt,2,1,H,,,,,,11,11,2,3,0,0
2022/23,25/02/2023,17:30,Schalke 04,Stuttgart,2,1,H,,,,,,12,13,2,2,0,0
2022/23,25/02/2023,14:30,Werder Bremen,Bochum,3,0,H,,,,,,16,16,3,2,0,0
2022/23,26/02/2023,16:30,Bayern Munich,Union Berlin,3,0,H,,,,,,8,9,1,1,0,0
2022/23,26/02/2023,14:30,Freiburg,Leverkusen,1,1,D,,,,,,14,13,2,1,0,0
2022/23,03/03/2023,19:30,Dortmund,RB Leipzig,2,1,H,,,,,,8,20,2,5,0,0
2022/23,04/03/2023,14:30,Augsburg,Werder Bremen,2,1,H,,,,,,10,9,2,2,0,0
2022/23,04/03/2023,14:30,Bochum,Schalke 04,0,2,A,,,,,,17,11,2,1,0,0
2022/23,04/03/2023,14:30,M'gladbach,Freiburg,0,0,D,,,,,,11,15,5,2,1,0
2022/23,04/03/2023,14:30,Mainz,Hoffenheim,1,0,H,,,,,,12,15,1,4,0,0
2022/23,04/03/2023,17:30,Stuttgart,Bayern Munich,1,2,A,,,,,,6,12,0,0,0,0
2022/23,04/03/2023,14:30,Union Berlin,FC Koln,0,0,D,,,,,,9,10,1,0,0,0
2022/23,05/03/2023,14:30,Leverkusen,Hertha,4,1,H,,,,,,11,14,1,2,0,0
2022/23,05/03/2023,16:30,Wolfsburg,Ein Frankfurt,2,2,D,,,,,,11,16,3,3,0,0
2022/23,10/03/2023,19:30,FC Koln,Bochum,0,2,A,,,,,,9,14,2,2,0,0
2022/23,11/03/2023,14:30,Bayern Munich,Augsburg,5,3,H,,,,,,8,10,2,1,0,0
2022/23,11/03/2023,14:30,Ein Frankfurt,Stuttgart,1,1,D,,,,,,16,11,4,1,0,0
2022/23,11/03/2023,14:30,Hertha,Mainz,1,1,D,,,,,,10,15,2,1,0,0
2022/23,11/03/2023,14:30,RB Leipzig,M'gladbach,3,0,H,,,,,,9,9,1,0,0,0
2022/23,11/03/2023,17:30,Schalke 04,Dortmund,2,2,D,,,,,,16,8,1,1,0,0
2022/23,12/03/2023,14:30,Freiburg,Hoffenheim,2,1,H,,,,,,11,25,2,5,0,1
2022/23,12/03/2023,16:30,Werder Bremen,Leverkusen,2,3,A,,,,,,12,12,2,1,0,0
2022/23,12/03/2023,18:30,Wolfsburg,Union Berlin,1,1,D,,,,,,11,14,1,4,0,0
2022/23,17/03/2023,19:30,M'gladbach,Werder Bremen,2,2,D,,,,,,9,12,1,1,0,0
2022/23,18/03/2023,14:30,Augsburg,Schalke 04,1,1,D,,,,,,11,14,4,4,1,0
2022/23,18/03/2023,14:30,Bochum,RB Leipzig,1,0,H,,,,,,10,8,2,3,0,0
2022/23,18/03/2023,17:30,Dortmund,FC Koln,6,1,H,,,,,,7,10,1,0,0,0
2022/23,18/03/2023,14:30,Hoffenheim,Hertha,3,1,H,,,,,,10,11,0,3,1,0
2022/23,18/03/2023,14:30,Stuttgart,Wolfsburg,0,1,A,,,,,,10,8,1,0,0,0
2022/23,19/03/2023,16:30,Leverkusen,Bayern Munich,2,1,H,,,,,,10,11,2,3,0,0
2022/23,19/03/2023,18:30,Mainz,Freiburg,1,1,D,,,,,,18,10,2,3,0,0
2022/23,19/03/2023,14:30,Union Berlin,Ein Frankfurt,2,0,H,,,,,,19,15,3,2,0,0
2022/23,31/03/2023,19:30,Ein Frankfurt,Bochum,1,1,D,,,,,,14,13,3,2,0,0
2022/23,01/04/2023,17:30,Bayern Munich,Dortmund,4,2,H,,,,,,11,7,1,1,0,0
2022/23,01/04/2023,14:30,Freiburg,Hertha,1,1,D,,,,,,7,11,1,1,0,0
2022/23,01/04/2023,14:30,RB Leipzig,Mainz,0,3,A,,,,,,13,20,3,3,0,0
2022/23,01/04/2023,14:30,Schalke 04,Leverkusen,0,3,A,,,,,,20,13,2,1,0,0
2022/23,01/04/2023,14:30,Union Berlin,Stuttgart,3,0,H,,,,,,11,12,1,1,0,0
2022/23,01/04/2023,14:30,Wolfsburg,Augsburg,2,2,D,,,,,,9,15,3,2,0,0
2022/23,02/04/2023,14:30,FC Koln,M'gladbach,0,0,D,,,,,,18,8,3,3,0,0
2022/23,02/04/2023,16:30,Werder Bremen,Hoffenheim,1,2,A,,,,,,11,16,3,4,0,0
2022/23,08/04/2023,14:30,Augsburg,FC Koln,1,3,A,,,,,,5,11,3,4,0,0
2022/23,08/04/2023,14:30,Dortmund,Union Berlin,2,1,H,,,,,,8,11,5,2,0,0
2022/23,08/04/2023,14:30,Freiburg,Bayern Munich,0,1,A,,,,,,10,14,2,2,0,0
2022/23,08/04/2023,17:30,Hertha,RB Leipzig,0,1,A,,,,,,12,13,4,3,0,0
2022/23,08/04/2023,14:30,Leverkusen,Ein Frankfurt,3,1,H,,,,,,9,13,1,5,0,0
2022/23,08/04/2023,14:30,Mainz,Werder Bremen,2,2,D,,,,,,11,22,1,5,0,0
2022/23,09/04/2023,16:30,Bochum,Stuttgart,2,3,A,,,,,,12,8,3,3,0,0
2022/23,09/04/2023,18:30,Hoffenheim,Schalke 04,2,0,H,,,,,,14,13,3,0,0,0
2022/23,09/04/2023,14:30,M'gladbach,Wolfsburg,2,0,H,,,,,,12,11,0,1,0,0
2022/23,14/04/2023,19:30,Schalke 04,Hertha,5,2,H,,,,,,12,19,2,3,0,0
2022/23,15/04/2023,14:30,Bayern Munich,Hoffenheim,1,1,D,,,,,,7,10,2,1,0,0
2022/23,15/04/2023,17:30,Ein Frankfurt,M'gladbach,1,1,D,,,,,,16,5,1,2,0,0
2022/23,15/04/2023,14:30,FC Koln,Mainz,1,1,D,,,,,,10,15,3,2,0,0
2022/23,15/04/2023,14:30,RB Leipzig,Augsburg,3,2,H,,,,,,8,11,2,3,0,0
2022/23,15/04/2023,14:30,Stuttgart,Dortmund,3,3,D,,,,,,7,14,5,3,1,0
2022/23,16/04/2023,16:30,Union Berlin,Bochum,1,1,D,,,,,,10,7,2,1,1,0
2022/23,16/04/2023,14:30,Werder Bremen,Freiburg,1,2,A,,,,,,13,12,2,3,0,0
2022/23,16/04/2023,18:30,Wolfsburg,Leverkusen,0,0,D,,,,,,10,17,0,5,0,0
2022/23,21/04/2023,19:30,Augsburg,Stuttgart,1,1,D,,,,,,17,12,5,3,0,0
2022/23,22/04/2023,14:30,Bochum,Wolfsburg,1,5,A,,,,,,11,8,3,3,0,0
2022/23,22/04/2023,17:30,Dortmund,Ein Frankfurt,4,0,H,,,,,,10,13,2,3,0,0
2022/23,22/04/2023,14:30,Hertha,Werder Bremen,2,4,A,,,,,,11,12,2,2,0,0
2022/23,22/04/2023,14:30,Hoffenheim,FC Koln,1,3,A,,,,,,11,11,1,2,0,0
2022/23,22/04/2023,14:30,Mainz,Bayern Munich,3,1,H,,,,,,14,6,2,0,0,0
2022/23,23/04/2023,14:30,Freiburg,Schalke 04,4,0,H,,,,,,9,10,1,2,0,0
2022/23,23/04/2023,16:30,Leverkusen,RB Leipzig,2,0,H,,,,,,10,9,3,5,0,1
2022/23,23/04/2023,18:30,M'gladbach,Union Berlin,0,1,A,,,,,,10,12,3,2,0,0
2022/23,28/04/2023,19:30,Bochum,Dortmund,1,1,D,,,,,,13,9,1,2,0,0
2022/23,29/04/2023,14:30,Ein Frankfurt,Augsburg,1,1,D,,,,,,6,11,2,2,0,0
2022/23,29/04/2023,14:30,FC Koln,Freiburg,0,1,A,,,,,,15,7,1,1,0,0
2022/23,29/04/2023,14:30,RB Leipzig,Hoffenheim,1,0,H,,,,,,9,14,0,2,0,0
2022/23,29/04/2023,17:30,Schalke 04,Werder Bremen,2,1,H,,,,,,9,17,4,3,0,0
2022/23,29/04/2023,14:30,Stuttgart,M'gladbach,2,1,H,,,,,,11,14,2,2,0,1
2022/23,29/04/2023,14:30,Union Berlin,Leverkusen,0,0,D,,,,,,9,8,1,1,0,0
2022/23,30/04/2023,14:30,Bayern Munich,Hertha,2,0,H,,,,,,5,8,2,0,0,0
2022/23,30/04/2023,16:30,Wolfsburg,Mainz,3,0,H,,,,,,6,10,1,3,0,0
2022/23,05/05/2023,19:30,Leverkusen,FC Koln,1,2,A,,,,,,8,13,1,6,0,0
2022/23,05/05/2023,19:30,Mainz,Schalke 04,2,3,A,,,,,,12,10,4,1,0,0
2022/23,06/05/2023,14:30,Augsburg,Union Berlin,1,0,H,,,,,,10,14,2,2,0,0
2022/23,06/05/2023,14:30,Freiburg,RB Leipzig,0,1,A,,,,,,9,11,2,4,0,0
2022/23,06/05/2023,14:30,Hertha,Stuttgart,2,1,H,,,,,,9,19,4,1,0,0
2022/23,06/05/2023,14:30,Hoffenheim,Ein Frankfurt,3,1,H,,,,,,17,14,2,4,1,0
2022/23,06/05/2023,14:30,M'gladbach,Bochum,2,0,H,,,,,,7,13,2,1,0,0
2022/23,06/05/2023,17:30,Werder Bremen,Bayern Munich,1,2,A,,,,,,14,11,2,1,0,0
2022/23,07/05/2023,16:30,Dortmund,Wolfsburg,6,0,H,,,,,,11,14,0,1,0,0
2022/23,12/05/2023,19:30,FC Koln,Hertha,5,2,H,,,,,,11,14,2,7,0,0
2022/23,13/05/2023,14:30,Bayern Munich,Schalke 04,6,0,H,,,,,,10,10,0,3,0,0
2022/23,13/05/2023,14:30,Bochum,Augsburg,3,2,H,,,,,,13,16,3,2,0,0
2022/23,13/05/2023,17:30,Dortmund,M'gladbach,5,2,H,,,,,,10,12,0,2,0,0
2022/23,13/05/2023,14:30,Ein Frankfurt,Mainz,3,0,H,,,,,,4,10,1,3,0,0
2022/23,13/05/2023,14:30,Union Berlin,Freiburg,4,2,H,,,,,,18,13,3,1,0,0
2022/23,13/05/2023,14:30,Wolfsburg,Hoffenheim,2,1,H,,,,,,17,12,2,2,0,0
2022/23,14/05/2023,16:30,RB Leipzig,Werder Bremen,2,1,H,,,,,,12,20,2,5,0,0
2022/23,14/05/2023,14:30,Stuttgart,Leverkusen,1,1,D,,,,,,7,14,3,4,0,0
2022/23,19/05/2023,19:30,Freiburg,Wolfsburg,2,0,H,,,,,,15,16,1,3,1,0
2022/23,20/05/2023,17:30,Bayern Munich,RB Leipzig,1,3,A,,,,,,8,11,1,1,0,0
2022/23,20/05/2023,14:30,Hertha,Bochum,1,1,D,,,,,,7,10,1,1,0,0
2022/23,20/05/2023,14:30,Hoffenheim,Union Berlin,4,2,H,,,,,,15,15,4,5,0,0
2022/23,20/05/2023,14:30,Schalke 04,Ein Frankfurt,2,2,D,,,,,,11,16,3,4,0,0
2022/23,20/05/2023,14:30,Werder Bremen,FC Koln,1,1,D,,,,,,10,9,4,2,0,0
2022/23,21/05/2023,16:30,Augsburg,Dortmund,0,3,A,,,,,,12,9,3,3,1,0
2022/23,21/05/2023,18:30,Leverkusen,M'gladbach,2,2,D,,,,,,12,15,3,3,1,0
2022/23,21/05/2023,14:30,Mainz,Stuttgart,1,4,A,,,,,,18,11,3,1,0,0
2022/23,27/05/2023,14:30,Bochum,Leverkusen,3,0,H,,,,,,12,12,5,5,0,1
2022/23,27/05/2023,14:30,Dortmund,Mainz,2,2,D,,,,,,5,14,1,1,0,0
2022/23,27/05/2023,14:30,Ein Frankfurt,Freiburg,2,1,H,,,,,,13,10,4,2,0,0
2022/23,27/05/2023,14:30,FC Koln,Bayern Munich,1,2,A,,,,,,11,8,3,0,0,0
2022/23,27/05/2023,14:30,M'gladbach,Augsburg,2,0,H,,,,,,5,19,0,1,0,1
2022/23,27/05/2023,14:30,RB Leipzig,Schalke 04,4,2,H,,,,,,13,11,2,2,0,0
2022/23,27/05/2023,14:30,Stuttgart,Hoffenheim,1,1,D,,,,,,12,10,0,0,0,0
2022/23,27/05/2023,14:30,Union Berlin,Werder Bremen,1,0,H,,,,,,9,10,1,3,0,0
2022/23,27/05/2023,14:30,Wolfsburg,Hertha,1,2,A,,,,,,9,18,1,5,0,0
2023/24,18/08/2023,19:30,Werder Bremen,Bayern Munich,0,4,A,,,,,,16,11,2,1,0,0
2023/24,19/08/2023,14:30,Augsburg,M'gladbach,4,4,D,,,,,,9,14,1,2,0,0
2023/24,19/08/2023,17:30,Dortmund,FC Koln,1,0,H,,,,,,13,11,1,0,0,0
2023/24,19/08/2023,14:30,Hoffenheim,Freiburg,1,2,A,,,,,,9,9,0,1,0,0
2023/24,19/08/2023,14:30,Leverkusen,RB Leipzig,3,2,H,,,,,,13,10,1,2,0,0
2023/24,19/08/2023,14:30,Stuttgart,Bochum,5,0,H,,,,,,5,12,1,1,0,0
2023/24,19/08/2023,14:30,Wolfsburg,Heidenheim,2,0,H,,,,,,10,9,3,0,0,0
2023/24,20/08/2023,16:30,Ein Frankfurt,Darmstadt,1,0,H,,,,,,9,14,2,3,0,0
2023/24,20/08/2023,14:30,Union Berlin,Mainz,4,1,H,,,,,,15,16,1,5,0,0
2023/24,25/08/2023,19:30,RB Leipzig,Stuttgart,5,1,H,,,,,,12,10,1,1,0,0
2023/24,26/08/2023,14:30,Bochum,Dortmund,1,1,D,,,,,,21,7,2,1,0,0
2023/24,26/08/2023,14:30,Darmstadt,Union Berlin,1,4,A,,,,,,15,12,2,2,0,1
2023/24,26/08/2023,14:30,FC Koln,Wolfsburg,1,2,A,,,,,,6,10,1,5,0,0
2023/24,26/08/2023,14:30,Freiburg,Werder Bremen,1,0,H,,,,,,9,8,2,2,0,0
2023/24,26/08/2023,14:30,Heidenheim,Hoffenheim,2,3,A,,,,,,13,9,1,5,0,0
2023/24,26/08/2023,17:30,M'gladbach,Leverkusen,0,3,A,,,,,,7,8,2,3,0,0
2023/24,27/08/2023,16:30,Bayern Munich,Augsburg,3,1,H,,,,,,13,8,1,2,0,0
2023/24,27/08/2023,14:30,Mainz,Ein Frankfurt,1,1,D,,,,,,23,12,3,4,0,1
2023/24,01/09/2023,19:30,Dortmund,Heidenheim,2,2,D,,,,,,9,22,3,3,0,0
2023/24,02/09/2023,14:30,Augsburg,Bochum,2,2,D,,,,,,15,13,2,2,0,0
2023/24,02/09/2023,14:30,Hoffenheim,Wolfsburg,3,1,H,,,,,,12,15,2,2,0,0
2023/24,02/09/2023,14:30,Leverkusen,Darmstadt,5,1,H,,,,,,8,11,3,2,0,0
2023/24,02/09/2023,17:30,M'gladbach,Bayern Munich,1,2,A,,,,,,5,20,0,2,0,0
2023/24,02/09/2023,14:30,Stuttgart,Freiburg,5,0,H,,,,,,9,10,1,1,0,0
2023/24,02/09/2023,14:30,Werder Bremen,Mainz,4,0,H,,,,,,18,14,2,2,0,0
2023/24,03/09/2023,14:30,Ein Frankfurt,FC Koln,1,1,D,,,,,,10,10,1,3,0,0
2023/24,03/09/2023,16:30,Union Berlin,RB Leipzig,0,3,A,,,,,,16,9,3,1,1,0
2023/24,15/09/2023,19:30,Bayern Munich,Leverkusen,2,2,D,,,,,,6,6,0,3,0,0
2023/24,16/09/2023,17:30,Bochum,Ein Frankfurt,1,1,D,,,,,,13,14,3,2,0,0
2023/24,16/09/2023,14:30,FC Koln,Hoffenheim,1,3,A,,,,,,15,14,4,4,1,0
2023/24,16/09/2023,14:30,Freiburg,Dortmund,2,4,A,,,,,,12,16,2,3,1,0
2023/24,16/09/2023,14:30,Mainz,Stuttgart,1,3,A,,,,,,12,9,1,2,0,0
2023/24,16/09/2023,14:30,RB Leipzig,Augsburg,3,0,H,,,,,,16,12,0,0,0,0
2023/24,16/09/2023,14:30,Wolfsburg,Union Berlin,2,1,H,,,,,,6,8,1,0,0,0
2023/24,17/09/2023,16:30,Darmstadt,M'gladbach,3,3,D,,,,,,12,8,1,1,1,0
2023/24,17/09/2023,14:30,Heidenheim,Werder Bremen,4,2,H,,,,,,21,9,1,1,0,0
2023/24,22/09/2023,19:30,Stuttgart,Darmstadt,3,1,H,,,,,,7,12,1,6,0,0
2023/24,23/09/2023,14:30,Augsburg,Mainz,2,1,H,,,,,,16,14,2,3,1,0
2023/24,23/09/2023,14:30,Bayern Munich,Bochum,7,0,H,,,,,,8,10,0,1,0,0
2023/24,23/09/2023,14:30,Dortmund,Wolfsburg,1,0,H,,,,,,9,14,0,1,0,0
2023/24,23/09/2023,14:30,M'gladbach,RB Leipzig,0,1,A,,,,,,14,7,1,1,0,0
2023/24,23/09/2023,14:30,Union Berlin,Hoffenheim,0,2,A,,,,,,11,13,1,3,0,0
2023/24,23/09/2023,17:30,Werder Bremen,FC Koln,2,1,H,,,,,,18,16,2,1,0,0
2023/24,24/09/2023,16:30,Ein Frankfurt,Freiburg,0,0,D,,,,,,12,5,4,2,0,0
2023/24,24/09/2023,14:30,Leverkusen,Heidenheim,4,1,H,,,,,,9,10,1,1,0,0
2023/24,29/09/2023,19:30,Hoffenheim,Dortmund,1,3,A,,,,,,14,16,3,4,0,1
2023/24,30/09/2023,14:30,Bochum,M'gladbach,1,3,A,,,,,,12,12,2,3,0,0
2023/24,30/09/2023,14:30,FC Koln,Stuttgart,0,2,A,,,,,,16,8,2,1,0,0
2023/24,30/09/2023,14:30,Heidenheim,Union Berlin,1,0,H,,,,,,11,14,1,2,0,0
2023/24,30/09/2023,14:30,Mainz,Leverkusen,0,3,A,,,,,,13,11,4,1,0,0
2023/24,30/09/2023,17:30,RB Leipzig,Bayern Munich,2,2,D,,,,,,10,11,2,5,0,0
2023/24,30/09/2023,14:30,Wolfsburg,Ein Frankfurt,2,0,H,,,,,,11,18,1,6,0,1
2023/24,01/10/2023,14:30,Darmstadt,Werder Bremen,4,2,H,,,,,,19,19,3,2,0,0
2023/24,01/10/2023,16:30,Freiburg,Augsburg,2,0,H,,,,,,13,17,2,2,0,0
2023/24,06/10/2023,19:30,M'gladbach,Mainz,2,2,D,,,,,,9,9,3,1,0,0
2023/24,07/10/2023,14:30,Augsburg,Darmstadt,1,2,A,,,,,,13,12,4,2,0,0
2023/24,07/10/2023,14:30,Dortmund,Union Berlin,4,2,H,,,,,,7,15,1,1,0,0
2023/24,07/10/2023,14:30,RB Leipzig,Bochum,0,0,D,,,,,,10,13,2,4,0,0
2023/24,07/10/2023,14:30,Stuttgart,Wolfsburg,3,1,H,,,,,,13,14,1,3,0,0
2023/24,07/10/2023,17:30,Werder Bremen,Hoffenheim,2,3,A,,,,,,15,6,5,4,0,0
2023/24,08/10/2023,16:30,Bayern Munich,Freiburg,3,0,H,,,,,,7,8,1,0,0,0
2023/24,08/10/2023,18:30,Ein Frankfurt,Heidenheim,2,0,H,,,,,,14,10,2,3,0,0
2023/24,08/10/2023,14:30,Leverkusen,FC Koln,3,0,H,,,,,,9,7,3,0,0,0
2023/24,20/10/2023,19:30,Dortmund,Werder Bremen,1,0,H,,,,,,5,10,1,5,0,0
2023/24,21/10/2023,14:30,Darmstadt,RB Leipzig,1,3,A,,,,,,16,12,6,3,0,0
2023/24,21/10/2023,14:30,Freiburg,Bochum,2,1,H,,,,,,11,16,3,4,0,0
2023/24,21/10/2023,14:30,Hoffenheim,Ein Frankfurt,1,3,A,,,,,,7,7,3,0,0,0
2023/24,21/10/2023,17:30,Mainz,Bayern Munich,1,3,A,,,,,,12,10,3,2,0,0
2023/24,21/10/2023,14:30,Union Berlin,Stuttgart,0,3,A,,,,,,12,12,2,1,0,0
2023/24,21/10/2023,14:30,Wolfsburg,Leverkusen,1,2,A,,,,,,15,14,3,5,0,0
2023/24,22/10/2023,14:30,FC Koln,M'gladbach,3,1,H,,,,,,13,10,0,2,0,1
2023/24,22/10/2023,16:30,Heidenheim,Augsburg,2,5,A,,,,,,11,11,3,2,0,0
2023/24,27/10/2023,19:30,Bochum,Mainz,2,2,D,,,,,,14,21,3,3,0,0
2023/24,28/10/2023,14:30,Augsburg,Wolfsburg,3,2,H,,,,,,19,14,6,4,1,0
2023/24,28/10/2023,14:30,Bayern Munich,Darmstadt,8,0,H,,,,,,15,13,1,2,1,2
2023/24,28/10/2023,14:30,M'gladbach,Heidenheim,2,1,H,,,,,,5,18,0,3,0,0
2023/24,28/10/2023,17:30,RB Leipzig,FC Koln,6,0,H,,,,,,8,13,2,4,0,1
2023/24,28/10/2023,14:30,Stuttgart,Hoffenheim,2,3,A,,,,,,13,11,2,1,0,0
2023/24,28/10/2023,14:30,Werder Bremen,Union Berlin,2,0,H,,,,,,12,14,1,4,0,1
2023/24,29/10/2023,14:30,Ein Frankfurt,Dortmund,3,3,D,,,,,,11,10,3,2,0,0
2023/24,29/10/2023,16:30,Leverkusen,Freiburg,2,1,H,,,,,,9,10,0,2,0,0
2023/24,03/11/2023,19:30,Darmstadt,Bochum,1,2,A,,,,,,7,16,2,5,1,0
2023/24,04/11/2023,17:30,Dortmund,Bayern Munich,0,4,A,,,,,,14,6,3,2,0,0
2023/24,04/11/2023,14:30,FC Koln,Augsburg,1,1,D,,,,,,10,10,1,4,0,0
2023/24,04/11/2023,14:30,Freiburg,M'gladbach,3,3,D,,,,,,7,10,2,2,0,0
2023/24,04/11/2023,14:30,Hoffenheim,Leverkusen,2,3,A,,,,,,6,10,3,2,0,0
2023/24,04/11/2023,14:30,Mainz,RB Leipzig,2,0,H,,,,,,13,9,3,1,0,0
2023/24,04/11/2023,14:30,Union Berlin,Ein Frankfurt,0,3,A,,,,,,13,8,0,1,0,0
2023/24,05/11/2023,16:30,Heidenheim,Stuttgart,2,0,H,,,,,,7,13,2,2,0,0
2023/24,05/11/2023,14:30,Wolfsburg,Werder Bremen,2,2,D,,,,,,14,17,4,1,1,0
2023/24,10/11/2023,19:30,M'gladbach,Wolfsburg,4,0,H,,,,,,7,12,1,3,0,0
2023/24,11/11/2023,14:30,Augsburg,Hoffenheim,1,1,D,,,,,,9,11,1,2,0,0
2023/24,11/11/2023,14:30,Bayern Munich,Heidenheim,4,2,H,,,,,,8,8,1,0,0,0
2023/24,11/11/2023,17:30,Bochum,FC Koln,1,1,D,,,,,,14,19,4,1,0,0
2023/24,11/11/2023,14:30,Darmstadt,Mainz,0,0,D,,,,,,20,15,3,3,0,0
2023/24,11/11/2023,14:30,Stuttgart,Dortmund,2,1,H,,,,,,13,16,2,3,0,0
2023/24,12/11/2023,14:30,Leverkusen,Union Berlin,4,0,H,,,,,,8,5,0,1,0,0
2023/24,12/11/2023,18:30,RB Leipzig,Freiburg,3,1,H,,,,,,10,12,2,0,0,0
2023/24,12/11/2023,16:30,Werder Bremen,Ein Frankfurt,2,2,D,,,,,,3,10,1,3,0,0
2023/24,24/11/2023,19:30,FC Koln,Bayern Munich,0,1,A,,,,,,6,4,0,1,0,0
2023/24,25/11/2023,14:30,Dortmund,M'gladbach,4,2,H,,,,,,11,11,1,2,0,0
2023/24,25/11/2023,17:30,Ein Frankfurt,Stuttgart,1,2,A,,,,,,14,8,0,1,0,0
2023/24,25/11/2023,14:30,Freiburg,Darmstadt,1,1,D,,,,,,15,15,2,0,0,0
2023/24,25/11/2023,14:30,Union Berlin,Augsburg,1,1,D,,,,,,10,15,2,2,0,0
2023/24,25/11/2023,14:30,Werder Bremen,Leverkusen,0,3,A,,,,,,15,4,3,1,0,0
2023/24,25/11/2023,14:30,Wolfsburg,RB Leipzig,2,1,H,,,,,,18,11,4,2,0,0
2023/24,26/11/2023,14:30,Heidenheim,Bochum,0,0,D,,,,,,14,7,4,3,0,0
2023/24,26/11/2023,16:30,Hoffenheim,Mainz,1,1,D,,,,,,9,14,4,4,0,0
2023/24,01/12/2023,19:30,Darmstadt,FC Koln,0,1,A,,,,,,12,12,1,3,0,0
2023/24,02/12/2023,14:30,Bochum,Wolfsburg,3,1,H,,,,,,14,13,6,2,0,0
2023/24,02/12/2023,14:30,M'gladbach,Hoffenheim,2,1,H,,,,,,12,14,2,2,0,0
2023/24,02/12/2023,14:30,RB Leipzig,Heidenheim,2,1,H,,,,,,13,16,2,2,0,0
2023/24,02/12/2023,17:30,Stuttgart,Werder Bremen,2,0,H,,,,,,7,9,1,0,0,0
2023/24,03/12/2023,18:30,Augsburg,Ein Frankfurt,2,1,H,,,,,,9,10,1,1,0,0
2023/24,03/12/2023,16:30,Leverkusen,Dortmund,1,1,D,,,,,,12,12,3,2,0,0
2023/24,03/12/2023,14:30,Mainz,Freiburg,0,1,A,,,,,,16,11,1,1,0,0
2023/24,08/12/2023,19:30,Hoffenheim,Bochum,3,1,H,,,,,,18,11,3,2,0,0
2023/24,09/12/2023,17:30,Dortmund,RB Leipzig,2,3,A,,,,,,6,11,1,3,1,0
2023/24,09/12/2023,14:30,Ein Frankfurt,Bayern Munich,5,1,H,,,,,,8,7,1,2,0,0
2023/24,09/12/2023,14:30,Heidenheim,Darmstadt,3,2,H,,,,,,17,13,2,2,0,0
2023/24,09/12/2023,14:30,Union Berlin,M'gladbach,3,1,H,,,,,,9,8,1,3,0,0
2023/24,09/12/2023,14:30,Werder Bremen,Augsburg,2,0,H,,,,,,13,9,1,2,0,0
2023/24,09/12/2023,14:30,Wolfsburg,Freiburg,0,1,A,,,,,,11,16,1,4,0,0
2023/24,10/12/2023,16:30,FC Koln,Mainz,0,0,D,,,,,,10,10,2,4,0,0
2023/24,10/12/2023,14:30,Stuttgart,Leverkusen,1,1,D,,,,,,8,7,1,1,0,0
2023/24,15/12/2023,19:30,M'gladbach,Werder Bremen,2,2,D,,,,,,10,12,4,2,0,0
2023/24,16/12/2023,14:30,Augsburg,Dortmund,1,1,D,,,,,,13,4,2,1,0,0
2023/24,16/12/2023,14:30,Bochum,Union Berlin,3,0,H,,,,,,12,13,2,2,0,0
2023/24,16/12/2023,14:30,Darmstadt,Wolfsburg,0,1,A,,,,,,16,10,2,0,0,1
2023/24,16/12/2023,14:30,Mainz,Heidenheim,0,1,A,,,,,,9,20,3,3,0,0
2023/24,16/12/2023,17:30,RB Leipzig,Hoffenheim,3,1,H,,,,,,11,9,3,2,0,0
2023/24,17/12/2023,18:30,Bayern Munich,Stuttgart,3,0,H,,,,,,7,8,0,3,0,0
2023/24,17/12/2023,14:30,Freiburg,FC Koln,2,0,H,,,,,,13,10,1,4,0,1
2023/24,17/12/2023,16:30,Leverkusen,Ein Frankfurt,3,0,H,,,,,,4,13,1,1,0,0
2023/24,19/12/2023,19:30,Dortmund,Mainz,1,1,D,,,,,,11,14,0,4,0,0
2023/24,19/12/2023,19:30,Hoffenheim,Darmstadt,3,3,D,,,,,,9,15,2,4,0,0
2023/24,19/12/2023,17:30,Werder Bremen,RB Leipzig,1,1,D,,,,,,15,9,4,2,0,0
2023/24,20/12/2023,19:30,Ein Frankfurt,M'gladbach,2,1,H,,,,,,11,14,1,6,0,1
2023/24,20/12/2023,19:30,Heidenheim,Freiburg,3,2,H,,,,,,20,12,3,4,0,0
2023/24,20/12/2023,19:30,Leverkusen,Bochum,4,0,H,,,,,,7,12,0,2,0,0
2023/24,20/12/2023,19:30,Stuttgart,Augsburg,3,0,H,,,,,,8,14,0,4,0,0
2023/24,20/12/2023,17:30,Union Berlin,FC Koln,2,0,H,,,,,,10,7,0,0,0,0
2023/24,20/12/2023,19:30,Wolfsburg,Bayern Munich,1,2,A,,,,,,14,12,4,2,0,0
2023/24,12/01/2024,19:30,Bayern Munich,Hoffenheim,3,0,H,,,,,,8,6,1,3,0,1
2023/24,13/01/2024,14:30,Augsburg,Leverkusen,0,1,A,,,,,,11,4,3,1,0,0
2023/24,13/01/2024,17:30,Darmstadt,Dortmund,0,3,A,,,,,,10,13,1,3,0,0
2023/24,13/01/2024,14:30,FC Koln,Heidenheim,1,1,D,,,,,,12,11,2,1,0,0
2023/24,13/01/2024,14:30,Freiburg,Union Berlin,0,0,D,,,,,,7,9,0,2,0,0
2023/24,13/01/2024,14:30,Mainz,Wolfsburg,1,1,D,,,,,,21,16,3,4,0,0
2023/24,13/01/2024,14:30,RB Leipzig,Ein Frankfurt,0,1,A,,,,,,7,16,0,2,0,0
2023/24,14/01/2024,14:30,Bochum,Werder Bremen,1,1,D,,,,,,14,14,6,5,0,0
2023/24,14/01/2024,16:30,M'gladbach,Stuttgart,3,1,H,,,,,,7,11,3,3,0,0
2023/24,20/01/2024,14:30,Bochum,Stuttgart,1,0,H,,,,,,16,16,5,3,0,0
2023/24,20/01/2024,14:30,Darmstadt,Ein Frankfurt,2,2,D,,,,,,11,7,1,1,0,0
2023/24,20/01/2024,14:30,FC Koln,Dortmund,0,4,A,,,,,,16,7,2,2,0,0
2023/24,20/01/2024,14:30,Freiburg,Hoffenheim,3,2,H,,,,,,18,10,3,3,1,0
2023/24,20/01/2024,14:30,Heidenheim,Wolfsburg,1,1,D,,,,,,11,10,0,1,0,0
2023/24,20/01/2024,17:30,RB Leipzig,Leverkusen,2,3,A,,,,,,11,11,2,3,0,0
2023/24,21/01/2024,14:30,Bayern Munich,Werder Bremen,0,1,A,,,,,,12,7,2,1,0,0
2023/24,21/01/2024,16:30,M'gladbach,Augsburg,1,2,A,,,,,,10,20,1,2,0,0
2023/24,24/01/2024,19:30,Bayern Munich,Union Berlin,1,0,H,,,,,,5,9,2,4,0,0
2023/24,26/01/2024,19:30,Ein Frankfurt,Mainz,1,0,H,,,,,,10,12,2,1,0,0
2023/24,27/01/2024,14:30,Augsburg,Bayern Munich,2,3,A,,,,,,12,11,2,6,0,0
2023/24,27/01/2024,14:30,Hoffenheim,Heidenheim,1,1,D,,,,,,11,13,4,0,0,0
2023/24,27/01/2024,17:30,Leverkusen,M'gladbach,0,0,D,,,,,,15,6,3,1,0,0
2023/24,27/01/2024,14:30,Stuttgart,RB Leipzig,5,2,H,,,,,,9,11,1,4,0,0
2023/24,27/01/2024,14:30,Werder Bremen,Freiburg,3,1,H,,,,,,14,10,2,1,0,0
2023/24,27/01/2024,14:30,Wolfsburg,FC Koln,1,1,D,,,,,,17,12,5,3,0,0
2023/24,28/01/2024,16:30,Dortmund,Bochum,3,1,H,,,,,,10,16,1,3,0,0
2023/24,28/01/2024,14:30,Union Berlin,Darmstadt,1,0,H,,,,,,13,9,3,2,0,0
2023/24,02/02/2024,19:30,Heidenheim,Dortmund,0,0,D,,,,,,7,7,0,2,0,0
2023/24,03/02/2024,14:30,Bayern Munich,M'gladbach,3,1,H,,,,,,11,9,0,1,0,0
2023/24,03/02/2024,14:30,Bochum,Augsburg,1,1,D,,,,,,17,14,3,1,0,0
2023/24,03/02/2024,14:30,Darmstadt,Leverkusen,0,2,A,,,,,,14,8,2,2,0,0
2023/24,03/02/2024,17:30,FC Koln,Ein Frankfurt,2,0,H,,,,,,8,13,1,4,0,2
2023/24,03/02/2024,14:30,Freiburg,Stuttgart,1,3,A,,,,,,10,7,4,2,1,0
2023/24,03/02/2024,14:30,Mainz,Werder Bremen,0,1,A,,,,,,22,16,4,3,0,0
2023/24,04/02/2024,16:30,RB Leipzig,Union Berlin,2,0,H,,,,,,13,11,1,2,0,1
2023/24,04/02/2024,14:30,Wolfsburg,Hoffenheim,2,2,D,,,,,,12,16,2,3,0,0
2023/24,07/02/2024,17:30,Mainz,Union Berlin,1,1,D,,,,,,14,15,2,4,0,0
2023/24,09/02/2024,19:30,Dortmund,Freiburg,3,0,H,,,,,,13,7,2,0,0,0
2023/24,10/02/2024,14:30,Augsburg,RB Leipzig,2,2,D,,,,,,15,10,5,1,0,0
2023/24,10/02/2024,14:30,Ein Frankfurt,Bochum,1,1,D,,,,,,6,12,2,2,0,0
2023/24,10/02/2024,17:30,Leverkusen,Bayern Munich,3,0,H,,,,,,13,13,3,2,0,0
2023/24,10/02/2024,14:30,M'gladbach,Darmstadt,0,0,D,,,,,,11,15,0,5,0,0
2023/24,10/02/2024,14:30,Union Berlin,Wolfsburg,1,0,H,,,,,,12,9,1,2,0,0
2023/24,10/02/2024,14:30,Werder Bremen,Heidenheim,1,2,A,,,,,,10,13,1,2,0,0
2023/24,11/02/2024,16:30,Hoffenheim,FC Koln,1,1,D,,,,,,12,13,3,4,0,0
2023/24,11/02/2024,14:30,Stuttgart,Mainz,3,1,H,,,,,,7,9,1,1,0,0
2023/24,16/02/2024,19:30,FC Koln,Werder Bremen,0,1,A,,,,,,16,11,4,4,0,0
2023/24,17/02/2024,14:30,Darmstadt,Stuttgart,1,2,A,,,,,,15,14,4,5,0,1
2023/24,17/02/2024,14:30,Heidenheim,Leverkusen,1,2,A,,,,,,15,5,2,1,0,0
2023/24,17/02/2024,14:30,Hoffenheim,Union Berlin,0,1,A,,,,,,10,7,3,4,1,1
2023/24,17/02/2024,14:30,Mainz,Augsburg,1,0,H,,,,,,8,16,3,2,0,1
2023/24,17/02/2024,17:30,RB Leipzig,M'gladbach,2,0,H,,,,,,12,13,1,5,0,0
2023/24,17/02/2024,14:30,Wolfsburg,Dortmund,1,1,D,,,,,,18,5,3,1,0,0
2023/24,18/02/2024,16:30,Bochum,Bayern Munich,3,2,H,,,,,,12,10,2,4,0,1
2023/24,18/02/2024,14:30,Freiburg,Ein Frankfurt,3,3,D,,,,,,8,10,0,0,0,0
2023/24,23/02/2024,19:30,Leverkusen,Mainz,2,1,H,,,,,,14,16,3,5,0,1
2023/24,24/02/2024,17:30,Bayern Munich,RB Leipzig,2,1,H,,,,,,11,10,3,3,0,0
2023/24,24/02/2024,14:30,M'gladbach,Bochum,5,2,H,,,,,,13,13,2,4,0,0
2023/24,24/02/2024,14:30,Stuttgart,FC Koln,1,1,D,,,,,,11,13,1,0,0,0
2023/24,24/02/2024,14:30,Union Berlin,Heidenheim,2,2,D,,,,,,9,12,2,1,0,0
2023/24,24/02/2024,14:30,Werder Bremen,Darmstadt,1,1,D,,,,,,10,13,3,4,0,0
2023/24,25/02/2024,18:30,Augsburg,Freiburg,2,1,H,,,,,,16,11,3,1,0,0
2023/24,25/02/2024,16:30,Dortmund,Hoffenheim,2,3,A,,,,,,7,10,2,3,0,0
2023/24,25/02/2024,14:30,Ein Frankfurt,Wolfsburg,2,2,D,,,,,,9,7,2,1,0,0
2023/24,01/03/2024,19:30,Freiburg,Bayern Munich,2,2,D,,,,,,11,7,1,2,0,0
2023/24,02/03/2024,14:30,Bochum,RB Leipzig,1,4,A,,,,,,13,10,3,2,1,0
2023/24,02/03/2024,14:30,Darmstadt,Augsburg,0,6,A,,,,,,4,12,2,0,0,0
2023/24,02/03/2024,14:30,Heidenheim,Ein Frankfurt,1,2,A,,,,,,6,10,1,4,0,0
2023/24,02/03/2024,14:30,Mainz,M'gladbach,1,1,D,,,,,,12,15,5,1,1,0
2023/24,02/03/2024,14:30,Union Berlin,Dortmund,0,2,A,,,,,,11,8,2,1,0,0
2023/24,02/03/2024,17:30,Wolfsburg,Stuttgart,2,3,A,,,,,,20,12,3,2,0,0
2023/24,03/03/2024,14:30,FC Koln,Leverkusen,0,2,A,,,,,,10,9,2,2,1,0
2023/24,03/03/2024,16:30,Hoffenheim,Werder Bremen,2,1,H,,,,,,11,10,5,1,1,0
2023/24,08/03/2024,19:30,Stuttgart,Union Berlin,2,0,H,,,,,,7,14,1,2,0,1
2023/24,09/03/2024,14:30,Augsburg,Heidenheim,1,0,H,,,,,,14,20,1,3,0,0
2023/24,09/03/2024,14:30,Bayern Munich,Mainz,8,1,H,,,,,,8,7,1,1,0,0
2023/24,09/03/2024,14:30,M'gladbach,FC Koln,3,3,D,,,,,,15,15,3,4,0,0
2023/24,09/03/2024,14:30,RB Leipzig,Darmstadt,2,0,H,,,,,,3,14,0,3,0,0
2023/24,09/03/2024,17:30,Werder Bremen,Dortmund,1,2,A,,,,,,6,8,1,2,0,1
2023/24,10/03/2024,14:30,Bochum,Freiburg,1,2,A,,,,,,11,11,3,7,0,0
2023/24,10/03/2024,16:30,Ein Frankfurt,Hoffenheim,3,1,H,,,,,,11,10,2,3,0,2
2023/24,10/03/2024,18:30,Leverkusen,Wolfsburg,2,0,H,,,,,,6,7,1,3,0,1
2023/24,15/03/2024,19:30,FC Koln,RB Leipzig,1,5,A,,,,,,11,12,2,2,0,0
2023/24,16/03/2024,14:30,Darmstadt,Bayern Munich,2,5,A,,,,,,9,6,1,0,0,0
2023/24,16/03/2024,14:30,Heidenheim,M'gladbach,1,1,D,,,,,,16,8,1,3,0,0
2023/24,16/03/2024,17:30,Hoffenheim,Stuttgart,0,3,A,,,,,,8,12,1,0,0,0
2023/24,16/03/2024,14:30,Mainz,Bochum,2,0,H,,,,,,15,15,4,3,0,0
2023/24,16/03/2024,14:30,Union Berlin,Werder Bremen,2,1,H,,,,,,16,16,3,5,0,0
2023/24,16/03/2024,14:30,Wolfsburg,Augsburg,1,3,A,,,,,,12,19,1,3,1,0
2023/24,17/03/2024,16:30,Dortmund,Ein Frankfurt,3,1,H,,,,,,5,9,1,2,0,0
2023/24,17/03/2024,14:30,Freiburg,Leverkusen,2,3,A,,,,,,13,6,1,0,0,0
2023/24,30/03/2024,17:30,Bayern Munich,Dortmund,0,2,A,,,,,,7,7,0,0,0,0
2023/24,30/03/2024,14:30,Ein Frankfurt,Union Berlin,0,0,D,,,,,,8,14,3,1,0,0
2023/24,30/03/2024,14:30,Leverkusen,Hoffenheim,2,1,H,,,,,,9,8,0,1,0,0
2023/24,30/03/2024,14:30,M'gladbach,Freiburg,0,3,A,,,,,,11,7,1,0,0,0
2023/24,30/03/2024,14:30,RB Leipzig,Mainz,0,0,D,,,,,,10,15,2,5,0,0
2023/24,30/03/2024,14:30,Werder Bremen,Wolfsburg,0,2,A,,,,,,13,15,4,4,1,1
2023/24,31/03/2024,14:30,Augsburg,FC Koln,1,1,D,,,,,,9,13,0,3,0,0
2023/24,31/03/2024,18:30,Bochum,Darmstadt,2,2,D,,,,,,7,15,2,2,0,0
2023/24,31/03/2024,16:30,Stuttgart,Heidenheim,3,3,D,,,,,,5,9,1,0,0,1
2023/24,05/04/2024,19:30,Ein Frankfurt,Werder Bremen,1,1,D,,,,,,10,14,3,2,1,1
2023/24,06/04/2024,17:30,Dortmund,Stuttgart,0,1,A,,,,,,8,8,2,4,0,0
2023/24,06/04/2024,14:30,FC Koln,Bochum,2,1,H,,,,,,16,13,3,3,0,0
2023/24,06/04/2024,14:30,Freiburg,RB Leipzig,1,4,A,,,,,,7,12,3,4,0,0
2023/24,06/04/2024,14:30,Heidenheim,Bayern Munich,3,2,H,,,,,,9,8,2,0,0,0
2023/24,06/04/2024,14:30,Mainz,Darmstadt,4,0,H,,,,,,16,9,2,3,0,0
2023/24,06/04/2024,14:30,Union Berlin,Leverkusen,0,1,A,,,,,,10,14,3,2,1,0
2023/24,07/04/2024,14:30,Hoffenheim,Augsburg,3,1,H,,,,,,8,14,3,1,0,0
2023/24,07/04/2024,16:30,Wolfsburg,M'gladbach,1,3,A,,,,,,9,12,2,2,0,0
2023/24,12/04/2024,19:30,Augsburg,Union Berlin,2,0,H,,,,,,15,14,1,1,0,0
2023/24,13/04/2024,14:30,Bayern Munich,FC Koln,2,0,H,,,,,,3,15,0,3,0,0
2023/24,13/04/2024,14:30,Bochum,Heidenheim,1,1,D,,,,,,12,22,4,1,0,0
2023/24,13/04/2024,14:30,M'gladbach,Dortmund,1,2,A,,,,,,13,11,1,4,0,1
2023/24,13/04/2024,14:30,Mainz,Hoffenheim,4,1,H,,,,,,12,14,0,2,0,0
2023/24,13/04/2024,14:30,RB Leipzig,Wolfsburg,3,0,H,,,,,,12,7,2,4,0,0
2023/24,13/04/2024,17:30,Stuttgart,Ein Frankfurt,3,0,H,,,,,,4,15,1,3,0,0
2023/24,14/04/2024,14:30,Darmstadt,Freiburg,0,1,A,,,,,,6,12,0,1,0,0
2023/24,14/04/2024,16:30,Leverkusen,Werder Bremen,5,0,H,,,,,,10,4,2,1,0,0
2023/24,19/04/2024,19:30,Ein Frankfurt,Augsburg,3,1,H,,,,,,2,19,3,3,0,0
2023/24,20/04/2024,14:30,FC Koln,Darmstadt,0,2,A,,,,,,10,13,0,1,0,0
2023/24,20/04/2024,14:30,Heidenheim,RB Leipzig,1,2,A,,,,,,14,7,3,1,0,0
2023/24,20/04/2024,14:30,Hoffenheim,M'gladbach,4,3,H,,,,,,6,11,1,3,0,0
2023/24,20/04/2024,17:30,Union Berlin,Bayern Munich,1,5,A,,,,,,5,4,0,0,0,0
2023/24,20/04/2024,14:30,Wolfsburg,Bochum,1,0,H,,,,,,11,16,4,3,0,0
2023/24,21/04/2024,16:30,Dortmund,Leverkusen,1,1,D,,,,,,14,11,4,3,0,0
2023/24,21/04/2024,18:30,Freiburg,Mainz,1,1,D,,,,,,17,15,3,4,0,0
2023/24,21/04/2024,14:30,Werder Bremen,Stuttgart,2,1,H,,,,,,11,10,3,3,0,0
2023/24,26/04/2024,19:30,Bochum,Hoffenheim,3,2,H,,,,,,13,10,1,1,0,0
2023/24,27/04/2024,14:30,Augsburg,Werder Bremen,0,3,A,,,,,,18,8,1,2,0,0
2023/24,27/04/2024,14:30,Bayern Munich,Ein Frankfurt,2,1,H,,,,,,11,7,0,3,0,0
2023/24,27/04/2024,14:30,Freiburg,Wolfsburg,1,2,A,,,,,,12,7,4,2,1,0
2023/24,27/04/2024,17:30,Leverkusen,Stuttgart,2,2,D,,,,,,10,19,4,3,0,0
2023/24,27/04/2024,14:30,RB Leipzig,Dortmund,4,1,H,,,,,,11,7,1,2,0,0
2023/24,28/04/2024,18:30,Darmstadt,Heidenheim,0,1,A,,,,,,14,12,2,1,0,0
2023/24,28/04/2024,14:30,M'gladbach,Union Berlin,0,0,D,,,,,,3,13,2,2,0,0
2023/24,28/04/2024,16:30,Mainz,FC Koln,1,1,D,,,,,,17,13,4,4,1,0
2023/24,03/05/2024,19:30,Hoffenheim,RB Leipzig,1,1,D,,,,,,6,8,1,3,0,1
2023/24,04/05/2024,14:30,Dortmund,Augsburg,5,1,H,,,,,,4,11,0,1,0,0
2023/24,04/05/2024,17:30,FC Koln,Freiburg,0,0,D,,,,,,10,9,1,1,0,0
2023/24,04/05/2024,14:30,Stuttgart,Bayern Munich,3,1,H,,,,,,10,8,1,2,0,0
2023/24,04/05/2024,14:30,Werder Bremen,M'gladbach,2,2,D,,,,,,6,7,0,0,0,0
2023/24,04/05/2024,14:30,Wolfsburg,Darmstadt,3,0,H,,,,,,11,13,0,3,0,0
2023/24,05/05/2024,16:30,Ein Frankfurt,Leverkusen,1,5,A,,,,,,10,4,0,0,0,0
2023/24,05/05/2024,18:30,Heidenheim,Mainz,1,1,D,,,,,,8,8,2,3,0,0
2023/24,05/05/2024,14:30,Union Berlin,Bochum,3,4,A,,,,,,13,16,0,1,0,0
2023/24,10/05/2024,19:30,Augsburg,Stuttgart,0,1,A,,,,,,15,9,4,2,0,0
2023/24,11/05/2024,14:30,FC Koln,Union Berlin,3,2,H,,,,,,15,16,3,2,0,0
2023/24,11/05/2024,14:30,Freiburg,Heidenheim,1,1,D,,,,,,9,11,1,1,0,0
2023/24,11/05/2024,14:30,M'gladbach,Ein Frankfurt,1,1,D,,,,,,9,10,1,0,0,0
2023/24,11/05/2024,17:30,Mainz,Dortmund,3,0,H,,,,,,14,11,2,2,0,0
2023/24,11/05/2024,14:30,RB Leipzig,Werder Bremen,1,1,D,,,,,,12,6,1,0,0,0
2023/24,12/05/2024,16:30,Bayern Munich,Wolfsburg,2,0,H,,,,,,7,8,0,2,0,0
2023/24,12/05/2024,18:30,Bochum,Leverkusen,0,5,A,,,,,,5,10,2,1,1,0
2023/24,12/05/2024,14:30,Darmstadt,Hoffenheim,0,6,A,,,,,,9,3,3,0,0,0
2023/24,18/05/2024,14:30,Dortmund,Darmstadt,4,0,H,,,,,,4,10,0,3,0,0
2023/24,18/05/2024,14:30,Ein Frankfurt,RB Leipzig,2,2,D,,,,,,10,11,2,2,0,0
2023/24,18/05/2024,14:30,Heidenheim,FC Koln,4,1,H,,,,,,9,20,1,3,0,0
2023/24,18/05/2024,14:30,Hoffenheim,Bayern Munich,4,2,H,,,,,,7,9,3,1,0,0
2023/24,18/05/2024,14:30,Leverkusen,Augsburg,2,1,H,,,,,,6,7,0,1,0,0
2023/24,18/05/2024,14:30,Stuttgart,M'gladbach,4,0,H,,,,,,4,9,1,2,0,0
2023/24,18/05/2024,14:30,Union Berlin,Freiburg,2,1,H,,,,,,14,9,7,4,0,0
2023/24,18/05/2024,14:30,Werder Bremen,Bochum,4,1,H,,,,,,12,12,1,1,0,0
2023/24,18/05/2024,14:30,Wolfsburg,Mainz,1,3,A,,,,,,13,15,2,3,0,0
2024/25,23/08/2024,19:30,M'gladbach,Leverkusen,2,3,A,,,,,,11,7,1,0,0,0
2024/25,24/08/2024,14:30,Augsburg,Werder Bremen,2,2,D,,,,,,11,10,3,1,0,0
2024/25,24/08/2024,17:30,Dortmund,Ein Frankfurt,2,0,H,,,,,,6,3,0,1,0,0
2024/25,24/08/2024,14:30,Freiburg,Stuttgart,3,1,H,,,,,,7,10,2,1,0,0
2024/25,24/08/2024,14:30,Hoffenheim,Holstein Kiel,3,2,H,,,,,,8,14,2,3,0,1
2024/25,24/08/2024,14:30,Mainz,Union Berlin,1,1,D,,,,,,9,15,1,3,0,0
2024/25,24/08/2024,14:30,RB Leipzig,Bochum,1,0,H,,,,,,9,17,1,3,1,0
2024/25,25/08/2024,16:30,St Pauli,Heidenheim,0,2,A,,,,,,10,15,2,3,0,0
2024/25,25/08/2024,14:30,Wolfsburg,Bayern Munich,2,3,A,,,,,,13,11,2,3,0,0
2024/25,30/08/2024,19:30,Union Berlin,St Pauli,1,0,H,,,,,,10,11,3,1,0,0
2024/25,31/08/2024,14:30,Bochum,M'gladbach,0,2,A,,,,,,9,10,1,0,0,0
2024/25,31/08/2024,14:30,Ein Frankfurt,Hoffenheim,3,1,H,,,,,,10,10,0,3,0,0
2024/25,31/08/2024,14:30,Holstein Kiel,Wolfsburg,0,2,A,,,,,,17,14,4,7,0,0
2024/25,31/08/2024,17:30,Leverkusen,RB Leipzig,2,3,A,,,,,,7,8,3,1,0,0
2024/25,31/08/2024,14:30,Stuttgart,Mainz,3,3,D,,,,,,6,12,4,2,0,0
2024/25,31/08/2024,14:30,Werder Bremen,Dortmund,0,0,D,,,,,,11,16,2,7,0,1
2024/25,01/09/2024,16:30,Bayern Munich,Freiburg,2,0,H,,,,,,13,12,1,0,0,0
2024/25,01/09/2024,14:30,Heidenheim,Augsburg,4,0,H,,,,,,15,11,0,3,0,0
2024/25,13/09/2024,19:30,Dortmund,Heidenheim,4,2,H,,,,,,13,18,2,2,0,0
2024/25,14/09/2024,14:30,Freiburg,Bochum,2,1,H,,,,,,5,16,0,3,0,0
2024/25,14/09/2024,14:30,Hoffenheim,Leverkusen,1,4,A,,,,,,9,10,2,2,0,0
2024/25,14/09/2024,17:30,Holstein Kiel,Bayern Munich,1,6,A,,,,,,12,11,0,1,0,0
2024/25,14/09/2024,14:30,M'gladbach,Stuttgart,1,3,A,,,,,,14,12,2,2,0,0
2024/25,14/09/2024,14:30,RB Leipzig,Union Berlin,0,0,D,,,,,,9,19,2,3,0,0
2024/25,14/09/2024,14:30,Wolfsburg,Ein Frankfurt,1,2,A,,,,,,7,18,1,2,0,0
2024/25,15/09/2024,14:30,Augsburg,St Pauli,3,1,H,,,,,,12,10,4,3,0,0
2024/25,15/09/2024,16:30,Mainz,Werder Bremen,1,2,A,,,,,,12,7,3,1,0,1
2024/25,20/09/2024,19:30,Augsburg,Mainz,2,3,A,,,,,,7,12,3,5,1,1
2024/25,21/09/2024,14:30,Bochum,Holstein Kiel,2,2,D,,,,,,20,9,4,1,0,0
2024/25,21/09/2024,17:30,Ein Frankfurt,M'gladbach,2,0,H,,,,,,10,12,1,1,0,0
2024/25,21/09/2024,14:30,Heidenheim,Freiburg,0,3,A,,,,,,6,7,1,1,0,0
2024/25,21/09/2024,14:30,Union Berlin,Hoffenheim,2,1,H,,,,,,17,18,3,3,0,0
2024/25,21/09/2024,14:30,Werder Bremen,Bayern Munich,0,5,A,,,,,,4,13,0,3,0,0
2024/25,22/09/2024,14:30,Leverkusen,Wolfsburg,4,3,H,,,,,,6,14,4,5,0,1
2024/25,22/09/2024,18:30,St Pauli,RB Leipzig,0,0,D,,,,,,6,9,2,1,0,0
2024/25,22/09/2024,16:30,Stuttgart,Dortmund,5,1,H,,,,,,10,6,1,3,0,0
2024/25,27/09/2024,19:30,Dortmund,Bochum,4,2,H,,,,,,12,9,2,0,0,0
2024/25,28/09/2024,17:30,Bayern Munich,Leverkusen,1,1,D,,,,,,11,15,1,3,0,0
2024/25,28/09/2024,14:30,Freiburg,St Pauli,0,3,A,,,,,,7,18,3,3,0,0
2024/25,28/09/2024,14:30,M'gladbach,Union Berlin,1,0,H,,,,,,10,12,3,1,0,0
2024/25,28/09/2024,14:30,Mainz,Heidenheim,0,2,A,,,,,,10,10,4,4,1,1
2024/25,28/09/2024,14:30,RB Leipzig,Augsburg,4,0,H,,,,,,9,13,1,2,0,0
2024/25,28/09/2024,14:30,Wolfsburg,Stuttgart,2,2,D,,,,,,20,10,5,2,0,1
2024/25,29/09/2024,16:30,Hoffenheim,Werder Bremen,3,4,A,,,,,,12,19,3,3,1,0
2024/25,29/09/2024,14:30,Holstein Kiel,Ein Frankfurt,2,4,A,,,,,,12,13,1,3,0,0
2024/25,04/10/2024,19:30,Augsburg,M'gladbach,2,1,H,,,,,,13,15,2,4,0,0
2024/25,05/10/2024,14:30,Bochum,Wolfsburg,1,3,A,,,,,,11,12,1,2,0,0
2024/25,05/10/2024,14:30,Leverkusen,Holstein Kiel,2,2,D,,,,,,5,9,2,2,0,0
2024/25,05/10/2024,17:30,St Pauli,Mainz,0,3,A,,,,,,12,16,0,3,0,0
2024/25,05/10/2024,14:30,Union Berlin,Dortmund,2,1,H,,,,,,15,17,4,4,0,0
2024/25,05/10/2024,14:30,Werder Bremen,Freiburg,0,1,A,,,,,,7,9,1,2,0,0
2024/25,06/10/2024,16:30,Ein Frankfurt,Bayern Munich,3,3,D,,,,,,10,6,1,1,0,0
2024/25,06/10/2024,14:30,Heidenheim,RB Leipzig,0,1,A,,,,,,12,13,2,2,0,0
2024/25,06/10/2024,18:30,Stuttgart,Hoffenheim,1,1,D,,,,,,10,7,1,4,0,0
2024/25,18/10/2024,19:30,Dortmund,St Pauli,2,1,H,,,,,,8,7,2,1,0,0
2024/25,19/10/2024,17:30,Bayern Munich,Stuttgart,4,0,H,,,,,,6,10,0,2,0,0
2024/25,19/10/2024,14:30,Freiburg,Augsburg,3,1,H,,,,,,11,7,1,1,0,0
2024/25,19/10/2024,14:30,Hoffenheim,Bochum,3,1,H,,,,,,10,12,1,1,0,0
2024/25,19/10/2024,14:30,Leverkusen,Ein Frankfurt,2,1,H,,,,,,9,5,2,1,0,0
2024/25,19/10/2024,14:30,M'gladbach,Heidenheim,3,2,H,,,,,,15,9,3,3,0,0
2024/25,19/10/2024,14:30,Mainz,RB Leipzig,0,2,A,,,,,,12,15,1,3,0,0
2024/25,20/10/2024,14:30,Holstein Kiel,Union Berlin,0,2,A,,,,,,8,11,2,1,0,0
2024/25,20/10/2024,16:30,Wolfsburg,Werder Bremen,2,4,A,,,,,,15,9,1,1,1,0
2024/25,25/10/2024,19:30,Mainz,M'gladbach,1,1,D,,,,,,16,16,3,2,0,0
2024/25,26/10/2024,14:30,Augsburg,Dortmund,2,1,H,,,,,,13,10,3,3,0,1
2024/25,26/10/2024,14:30,RB Leipzig,Freiburg,3,1,H,,,,,,9,7,3,2,0,0
2024/25,26/10/2024,14:30,St Pauli,Wolfsburg,0,0,D,,,,,,9,12,0,3,0,0
2024/25,26/10/2024,14:30,Stuttgart,Holstein Kiel,2,1,H,,,,,,6,17,3,6,1,1
2024/25,26/10/2024,17:30,Werder Bremen,Leverkusen,2,2,D,,,,,,9,11,1,1,0,0
2024/25,27/10/2024,14:30,Bochum,Bayern Munich,0,5,A,,,,,,15,6,1,1,0,0
2024/25,27/10/2024,18:30,Heidenheim,Hoffenheim,0,0,D,,,,,,12,16,1,2,0,0
2024/25,27/10/2024,16:30,Union Berlin,Ein Frankfurt,1,1,D,,,,,,13,7,5,3,0,1
2024/25,01/11/2024,19:30,Leverkusen,Stuttgart,0,0,D,,,,,,13,14,3,4,0,0
2024/25,02/11/2024,14:30,Bayern Munich,Union Berlin,3,0,H,,,,,,2,9,0,2,0,0
2024/25,02/11/2024,17:30,Dortmund,RB Leipzig,2,1,H,,,,,,11,12,3,4,0,0
2024/25,02/11/2024,14:30,Ein Frankfurt,Bochum,7,2,H,,,,,,6,15,1,2,0,0
2024/25,02/11/2024,14:30,Hoffenheim,St Pauli,0,2,A,,,,,,10,10,0,2,0,0
2024/25,02/11/2024,14:30,Holstein Kiel,Heidenheim,1,0,H,,,,,,16,14,4,5,0,0
2024/25,02/11/2024,14:30,Wolfsburg,Augsburg,1,1,D,,,,,,7,14,1,3,0,0
2024/25,03/11/2024,14:30,Freiburg,Mainz,0,0,D,,,,,,9,12,1,2,0,0
2024/25,03/11/2024,16:30,M'gladbach,Werder Bremen,4,1,H,,,,,,12,10,1,4,0,1
2024/25,08/11/2024,19:30,Union Berlin,Freiburg,0,0,D,,,,,,11,8,2,0,0,0
2024/25,09/11/2024,14:30,Bochum,Leverkusen,1,1,D,,,,,,10,9,0,1,0,0
2024/25,09/11/2024,14:30,Mainz,Dortmund,3,1,H,,,,,,17,5,3,1,0,1
2024/25,09/11/2024,17:30,RB Leipzig,M'gladbach,0,0,D,,,,,,14,7,2,2,0,0
2024/25,09/11/2024,14:30,St Pauli,Bayern Munich,0,1,A,,,,,,10,7,2,2,0,0
2024/25,09/11/2024,14:30,Werder Bremen,Holstein Kiel,2,1,H,,,,,,10,19,3,2,0,0
2024/25,10/11/2024,14:30,Augsburg,Hoffenheim,0,0,D,,,,,,16,7,2,3,0,0
2024/25,10/11/2024,18:30,Heidenheim,Wolfsburg,1,3,A,,,,,,9,23,1,6,0,0
2024/25,10/11/2024,16:30,Stuttgart,Ein Frankfurt,2,3,A,,,,,,10,15,2,3,0,0
2024/25,22/11/2024,19:30,Bayern Munich,Augsburg,3,0,H,,,,,,9,9,0,2,0,1
2024/25,23/11/2024,14:30,Dortmund,Freiburg,4,0,H,,,,,,11,4,1,2,0,2
2024/25,23/11/2024,17:30,Ein Frankfurt,Werder Bremen,1,0,H,,,,,,15,9,2,2,0,0
2024/25,23/11/2024,14:30,Hoffenheim,RB Leipzig,4,3,H,,,,,,14,12,2,1,0,0
2024/25,23/11/2024,14:30,Leverkusen,Heidenheim,5,2,H,,,,,,8,11,0,0,0,0
2024/25,23/11/2024,14:30,Stuttgart,Bochum,2,0,H,,,,,,7,16,2,3,0,0
2024/25,23/11/2024,14:30,Wolfsburg,Union Berlin,1,0,H,,,,,,7,15,1,2,0,0
2024/25,24/11/2024,14:30,Holstein Kiel,Mainz,0,3,A,,,,,,11,7,1,0,0,0
2024/25,24/11/2024,16:30,M'gladbach,St Pauli,2,0,H,,,,,,7,8,1,0,0,0
2024/25,29/11/2024,19:30,St Pauli,Holstein Kiel,3,1,H,,,,,,10,11,2,5,0,0
2024/25,30/11/2024,14:30,Augsburg,Bochum,1,0,H,,,,,,8,22,3,3,0,0
2024/25,30/11/2024,17:30,Dortmund,Bayern Munich,1,1,D,,,,,,11,7,2,2,0,0
2024/25,30/11/2024,14:30,Freiburg,M'gladbach,3,1,H,,,,,,5,14,1,1,0,0
2024/25,30/11/2024,14:30,RB Leipzig,Wolfsburg,1,5,A,,,,,,11,6,2,1,0,0
2024/25,30/11/2024,14:30,Union Berlin,Leverkusen,1,2,A,,,,,,18,11,4,2,0,0
2024/25,30/11/2024,14:30,Werder Bremen,Stuttgart,2,2,D,,,,,,8,13,1,1,0,0
2024/25,01/12/2024,16:30,Heidenheim,Ein Frankfurt,0,4,A,,,,,,7,9,0,2,0,0
2024/25,01/12/2024,14:30,Mainz,Hoffenheim,2,0,H,,,,,,13,12,1,3,0,0
2024/25,06/12/2024,19:30,Stuttgart,Union Berlin,3,2,H,,,,,,14,19,1,6,0,0
2024/25,07/12/2024,14:30,Bayern Munich,Heidenheim,4,2,H,,,,,,4,5,1,0,0,0
2024/25,07/12/2024,14:30,Bochum,Werder Bremen,0,1,A,,,,,,12,10,1,1,0,0
2024/25,07/12/2024,14:30,Ein Frankfurt,Augsburg,2,2,D,,,,,,17,9,2,2,0,0
2024/25,07/12/2024,14:30,Holstein Kiel,RB Leipzig,0,2,A,,,,,,11,13,4,3,0,0
2024/25,07/12/2024,14:30,Leverkusen,St Pauli,2,1,H,,,,,,8,10,1,3,0,0
2024/25,07/12/2024,17:30,M'gladbach,Dortmund,1,1,D,,,,,,16,11,3,2,1,0
2024/25,08/12/2024,16:30,Hoffenheim,Freiburg,1,1,D,,,,,,10,5,1,1,0,0
2024/25,08/12/2024,14:30,Wolfsburg,Mainz,4,3,H,,,,,,10,15,3,4,0,0
2024/25,13/12/2024,19:30,Freiburg,Wolfsburg,3,2,H,,,,,,11,3,4,1,0,0
2024/25,14/12/2024,14:30,Augsburg,Leverkusen,0,2,A,,,,,,12,5,3,0,0,0
2024/25,14/12/2024,14:30,M'gladbach,Holstein Kiel,4,1,H,,,,,,10,14,1,1,0,0
2024/25,14/12/2024,14:30,Mainz,Bayern Munich,2,1,H,,,,,,21,12,3,2,0,0
2024/25,14/12/2024,17:30,St Pauli,Werder Bremen,0,2,A,,,,,,10,9,2,3,0,0
2024/25,14/12/2024,14:30,Union Berlin,Bochum,0,2,A,,,,,,,,,,,
2024/25,15/12/2024,16:30,Dortmund,Hoffenheim,1,1,D,,,,,,9,10,5,2,0,0
2024/25,15/12/2024,14:30,Heidenheim,Stuttgart,1,3,A,,,,,,25,13,4,3,0,0
2024/25,15/12/2024,18:30,RB Leipzig,Ein Frankfurt,2,1,H,,,,,,15,10,1,3,0,0
2024/25,20/12/2024,19:30,Bayern Munich,RB Leipzig,5,1,H,,,,,,9,10,5,2,0,0
2024/25,21/12/2024,14:30,Ein Frankfurt,Mainz,1,3,A,,,,,,10,10,1,1,0,1
2024/25,21/12/2024,14:30,Hoffenheim,M'gladbach,1,2,A,,,,,,14,6,0,0,0,0
2024/25,21/12/2024,14:30,Holstein Kiel,Augsburg,5,1,H,,,,,,11,13,0,4,0,0
2024/25,21/12/2024,17:30,Leverkusen,Freiburg,5,1,H,,,,,,8,9,1,2,0,0
2024/25,21/12/2024,14:30,Stuttgart,St Pauli,0,1,A,,,,,,10,11,2,2,0,0
2024/25,21/12/2024,14:30,Werder Bremen,Union Berlin,4,1,H,,,,,,9,12,2,2,0,0
2024/25,22/12/2024,14:30,Bochum,Heidenheim,2,0,H,,,,,,18,15,2,7,0,0
2024/25,22/12/2024,16:30,Wolfsburg,Dortmund,1,3,A,,,,,,8,8,3,2,0,1
2024/25,10/01/2025,19:30,Dortmund,Leverkusen,2,3,A,,,,,,8,6,1,2,0,0
2024/25,11/01/2025,14:30,Freiburg,Holstein Kiel,3,2,H,,,,,,9,12,2,3,0,0
2024/25,11/01/2025,14:30,Heidenheim,Union Berlin,2,0,H,,,,,,8,10,0,1,0,1
2024/25,11/01/2025,14:30,Hoffenheim,Wolfsburg,0,1,A,,,,,,15,14,1,2,0,0
2024/25,11/01/2025,17:30,M'gladbach,Bayern Munich,0,1,A,,,,,,10,7,3,1,0,0
2024/25,11/01/2025,14:30,Mainz,Bochum,2,0,H,,,,,,6,16,0,2,0,0
2024/25,11/01/2025,14:30,St Pauli,Ein Frankfurt,0,1,A,,,,,,8,7,0,3,0,0
2024/25,12/01/2025,16:30,Augsburg,Stuttgart,0,1,A,,,,,,11,14,5,1,0,0
2024/25,12/01/2025,14:30,RB Leipzig,Werder Bremen,4,2,H,,,,,,7,12,1,1,0,0
2024/25,14/01/2025,19:30,Ein Frankfurt,Freiburg,4,1,H,,,,,,8,11,1,1,0,0
2024/25,14/01/2025,17:30,Holstein Kiel,Dortmund,4,2,H,,,,,,13,11,2,2,1,0
2024/25,14/01/2025,19:30,Leverkusen,Mainz,1,0,H,,,,,,4,14,2,3,0,0
2024/25,14/01/2025,19:30,Wolfsburg,M'gladbach,5,1,H,,,,,,10,7,1,0,0,0
2024/25,15/01/2025,19:30,Bayern Munich,Hoffenheim,5,0,H,,,,,,8,10,1,1,0,0
2024/25,15/01/2025,17:30,Bochum,St Pauli,1,0,H,,,,,,7,15,1,3,0,1
2024/25,15/01/2025,19:30,Stuttgart,RB Leipzig,2,1,H,,,,,,10,19,2,7,0,2
2024/25,15/01/2025,19:30,Union Berlin,Augsburg,0,2,A,,,,,,15,9,1,2,0,0
2024/25,15/01/2025,19:30,Werder Bremen,Heidenheim,3,3,D,,,,,,10,15,5,3,0,0
2024/25,17/01/2025,19:30,Ein Frankfurt,Dortmund,2,0,H,,,,,,8,6,0,2,0,0
2024/25,18/01/2025,14:30,Bayern Munich,Wolfsburg,3,2,H,,,,,,10,9,2,3,0,0
2024/25,18/01/2025,14:30,Bochum,RB Leipzig,3,3,D,,,,,,14,7,4,0,0,0
2024/25,18/01/2025,14:30,Heidenheim,St Pauli,0,2,A,,,,,,11,17,1,2,0,0
2024/25,18/01/2025,14:30,Holstein Kiel,Hoffenheim,1,3,A,,,,,,13,14,2,1,0,0
2024/25,18/01/2025,17:30,Leverkusen,M'gladbach,3,1,H,,,,,,12,10,0,2,0,0
2024/25,18/01/2025,14:30,Stuttgart,Freiburg,4,0,H,,,,,,8,12,5,3,0,0
2024/25,19/01/2025,14:30,Union Berlin,Mainz,2,1,H,,,,,,12,10,2,2,0,0
2024/25,19/01/2025,16:30,Werder Bremen,Augsburg,0,2,A,,,,,,8,14,1,2,0,0
2024/25,24/01/2025,19:30,Wolfsburg,Holstein Kiel,2,2,D,,,,,,9,10,2,4,0,0
2024/25,25/01/2025,14:30,Augsburg,Heidenheim,2,1,H,,,,,,8,9,1,0,0,0
2024/25,25/01/2025,14:30,Dortmund,Werder Bremen,2,2,D,,,,,,11,15,1,4,1,0
2024/25,25/01/2025,14:30,Freiburg,Bayern Munich,1,2,A,,,,,,15,9,4,2,0,0
2024/25,25/01/2025,17:30,M'gladbach,Bochum,3,0,H,,,,,,6,15,1,3,0,0
2024/25,25/01/2025,14:30,Mainz,Stuttgart,2,0,H,,,,,,12,8,4,3,0,0
2024/25,25/01/2025,14:30,RB Leipzig,Leverkusen,2,2,D,,,,,,12,6,0,0,0,0
2024/25,26/01/2025,14:30,Hoffenheim,Ein Frankfurt,2,2,D,,,,,,16,8,3,0,0,0
2024/25,26/01/2025,16:30,St Pauli,Union Berlin,3,0,H,,,,,,6,15,0,3,0,0
2024/25,31/01/2025,19:30,Werder Bremen,Mainz,1,0,H,,,,,,14,13,8,4,3,0
2024/25,01/02/2025,14:30,Bayern Munich,Holstein Kiel,4,3,H,,,,,,7,10,1,1,0,0
2024/25,01/02/2025,14:30,Bochum,Freiburg,0,1,A,,,,,,15,10,3,2,0,0
2024/25,01/02/2025,14:30,Heidenheim,Dortmund,1,2,A,,,,,,11,9,0,0,0,0
2024/25,01/02/2025,14:30,St Pauli,Augsburg,1,1,D,,,,,,16,18,1,3,0,0
2024/25,01/02/2025,14:30,Stuttgart,M'gladbach,1,2,A,,,,,,11,11,2,2,0,0
2024/25,01/02/2025,17:30,Union Berlin,RB Leipzig,0,0,D,,,,,,5,12,3,2,0,0
2024/25,02/02/2025,14:30,Ein Frankfurt,Wolfsburg,1,1,D,,,,,,8,8,1,3,0,0
2024/25,02/02/2025,16:30,Leverkusen,Hoffenheim,3,1,H,,,,,,14,7,4,3,1,0
2024/25,07/02/2025,19:30,Bayern Munich,Werder Bremen,3,0,H,,,,,,9,8,1,3,0,0
2024/25,08/02/2025,14:30,Dortmund,Stuttgart,1,2,A,,,,,,13,14,5,2,1,0
2024/25,08/02/2025,14:30,Freiburg,Heidenheim,1,0,H,,,,,,11,8,3,1,0,0
2024/25,08/02/2025,14:30,Hoffenheim,Union Berlin,0,4,A,,,,,,9,16,2,1,0,0
2024/25,08/02/2025,17:30,M'gladbach,Ein Frankfurt,1,1,D,,,,,,10,9,3,3,0,0
2024/25,08/02/2025,14:30,Mainz,Augsburg,0,0,D,,,,,,12,9,3,3,0,0
2024/25,08/02/2025,14:30,Wolfsburg,Leverkusen,0,0,D,,,,,,7,8,2,3,0,0
2024/25,09/02/2025,14:30,Holstein Kiel,Bochum,2,2,D,,,,,,11,17,2,2,0,0
2024/25,09/02/2025,16:30,RB Leipzig,St Pauli,2,0,H,,,,,,12,8,2,2,1,0
2024/25,14/02/2025,19:30,Augsburg,RB Leipzig,0,0,D,,,,,,12,12,2,1,0,0
2024/25,15/02/2025,14:30,Bochum,Dortmund,2,0,H,,,,,,12,4,1,0,0,0
2024/25,15/02/2025,17:30,Leverkusen,Bayern Munich,0,0,D,,,,,,16,13,2,3,0,0
2024/25,15/02/2025,14:30,St Pauli,Freiburg,0,1,A,,,,,,10,10,1,0,0,0
2024/25,15/02/2025,14:30,Stuttgart,Wolfsburg,1,2,A,,,,,,10,15,3,4,0,0
2024/25,15/02/2025,14:30,Union Berlin,M'gladbach,1,2,A,,,,,,9,8,0,1,0,0
2024/25,16/02/2025,16:30,Ein Frankfurt,Holstein Kiel,3,1,H,,,,,,16,10,2,0,0,0
2024/25,16/02/2025,18:30,Heidenheim,Mainz,0,2,A,,,,,,9,16,1,3,0,0
2024/25,16/02/2025,14:30,Werder Bremen,Hoffenheim,1,3,A,,,,,,14,12,2,3,0,0
2024/25,21/02/2025,19:30,Freiburg,Werder Bremen,5,0,H,,,,,,14,8,3,0,0,0
2024/25,22/02/2025,17:30,Dortmund,Union Berlin,6,0,H,,,,,,10,11,2,2,0,0
2024/25,22/02/2025,14:30,Holstein Kiel,Leverkusen,0,2,A,,,,,,11,10,4,1,0,0
2024/25,22/02/2025,14:30,M'gladbach,Augsburg,0,3,A,,,,,,10,9,3,2,1,0
2024/25,22/02/2025,14:30,Mainz,St Pauli,2,0,H,,,,,,9,10,3,3,0,0
2024/25,22/02/2025,14:30,Wolfsburg,Bochum,1,1,D,,,,,,8,15,2,3,0,0
2024/25,23/02/2025,16:30,Bayern Munich,Ein Frankfurt,4,0,H,,,,,,8,7,1,1,0,0
2024/25,23/02/2025,18:30,Hoffenheim,Stuttgart,1,1,D,,,,,,8,10,0,0,0,0
2024/25,23/02/2025,14:30,RB Leipzig,Heidenheim,2,2,D,,,,,,15,15,3,3,0,0
2024/25,28/02/2025,19:30,Stuttgart,Bayern Munich,1,3,A,,,,,,12,13,5,3,0,0
2024/25,01/03/2025,14:30,Bochum,Hoffenheim,0,1,A,,,,,,16,17,0,1,0,0
2024/25,01/03/2025,17:30,Ein Frankfurt,Leverkusen,1,4,A,,,,,,9,7,1,1,0,0
2024/25,01/03/2025,14:30,Heidenheim,M'gladbach,0,3,A,,,,,,9,15,2,3,0,0
2024/25,01/03/2025,14:30,RB Leipzig,Mainz,1,2,A,,,,,,8,15,1,1,0,0
2024/25,01/03/2025,14:30,St Pauli,Dortmund,0,2,A,,,,,,11,13,1,2,0,0
2024/25,01/03/2025,14:30,Werder Bremen,Wolfsburg,1,2,A,,,,,,13,9,2,0,0,0
2024/25,02/03/2025,16:30,Augsburg,Freiburg,0,0,D,,,,,,13,9,1,1,0,0
2024/25,02/03/2025,14:30,Union Berlin,Holstein Kiel,0,1,A,,,,,,16,12,4,0,0,0
2024/25,07/03/2025,19:30,M'gladbach,Mainz,1,3,A,,,,,,6,6,0,1,0,0
2024/25,08/03/2025,14:30,Bayern Munich,Bochum,2,3,A,,,,,,7,14,0,6,1,0
2024/25,08/03/2025,14:30,Dortmund,Augsburg,0,1,A,,,,,,6,12,1,4,0,0
2024/25,08/03/2025,17:30,Freiburg,RB Leipzig,0,0,D,,,,,,6,11,0,3,0,0
2024/25,08/03/2025,14:30,Holstein Kiel,Stuttgart,2,2,D,,,,,,8,9,1,2,1,0
2024/25,08/03/2025,14:30,Leverkusen,Werder Bremen,0,2,A,,,,,,12,10,4,4,0,0
2024/25,08/03/2025,14:30,Wolfsburg,St Pauli,1,1,D,,,,,,11,13,1,0,0,0
2024/25,09/03/2025,14:30,Ein Frankfurt,Union Berlin,1,2,A,,,,,,10,8,3,0,0,0
2024/25,09/03/2025,16:30,Hoffenheim,Heidenheim,1,1,D,,,,,,9,11,2,3,0,0
2024/25,14/03/2025,19:30,St Pauli,Hoffenheim,1,0,H,,,,,,6,8,0,1,0,0
2024/25,15/03/2025,14:30,Augsburg,Wolfsburg,1,0,H,,,,,,7,9,1,2,0,0
2024/25,15/03/2025,14:30,Mainz,Freiburg,2,2,D,,,,,,7,7,1,2,1,0
2024/25,15/03/2025,17:30,RB Leipzig,Dortmund,2,0,H,,,,,,14,10,3,3,0,0
2024/25,15/03/2025,14:30,Union Berlin,Bayern Munich,1,1,D,,,,,,13,8,1,2,0,0
2024/25,15/03/2025,14:30,Werder Bremen,M'gladbach,2,4,A,,,,,,10,7,1,2,0,1
2024/25,16/03/2025,14:30,Bochum,Ein Frankfurt,1,3,A,,,,,,7,9,4,1,0,0
2024/25,16/03/2025,16:30,Heidenheim,Holstein Kiel,3,1,H,,,,,,15,13,1,3,0,0
2024/25,16/03/2025,18:30,Stuttgart,Leverkusen,3,4,A,,,,,,13,14,3,2,0,0
2024/25,28/03/2025,19:30,Leverkusen,Bochum,3,1,H,,,,,,6,12,0,1,0,0
2024/25,29/03/2025,14:30,Bayern Munich,St Pauli,3,2,H,,,,,,13,4,3,0,0,0
2024/25,29/03/2025,17:30,Ein Frankfurt,Stuttgart,1,0,H,,,,,,9,6,1,3,0,1
2024/25,29/03/2025,14:30,Hoffenheim,Augsburg,1,1,D,,,,,,14,12,1,2,0,0
2024/25,29/03/2025,14:30,Holstein Kiel,Werder Bremen,0,3,A,,,,,,13,8,4,1,0,0
2024/25,29/03/2025,14:30,M'gladbach,RB Leipzig,1,0,H,,,,,,5,9,2,2,0,0
2024/25,29/03/2025,14:30,Wolfsburg,Heidenheim,0,1,A,,,,,,8,10,2,4,0,0
2024/25,30/03/2025,16:30,Dortmund,Mainz,3,1,H,,,,,,10,8,2,0,0,0
2024/25,30/03/2025,14:30,Freiburg,Union Berlin,1,2,A,,,,,,8,11,3,4,0,0
2024/25,04/04/2025,19:30,Augsburg,Bayern Munich,1,3,A,,,,,,8,8,4,0,1,0
2024/25,05/04/2025,14:30,Bochum,Stuttgart,0,4,A,,,,,,17,13,1,1,0,0
2024/25,05/04/2025,14:30,Freiburg,Dortmund,1,4,A,,,,,,8,6,1,0,0,0
2024/25,05/04/2025,14:30,Heidenheim,Leverkusen,0,1,A,,,,,,14,10,1,0,0,0
2024/25,05/04/2025,14:30,Mainz,Holstein Kiel,1,1,D,,,,,,12,8,4,4,0,0
2024/25,05/04/2025,14:30,RB Leipzig,Hoffenheim,3,1,H,,,,,,10,12,0,3,0,1
2024/25,05/04/2025,17:30,Werder Bremen,Ein Frankfurt,2,0,H,,,,,,8,15,3,3,0,0
2024/25,06/04/2025,14:30,St Pauli,M'gladbach,1,1,D,,,,,,6,13,0,2,0,0
2024/25,06/04/2025,16:30,Union Berlin,Wolfsburg,1,0,H,,,,,,13,14,0,1,0,0
2024/25,11/04/2025,19:30,Wolfsburg,RB Leipzig,2,3,A,,,,,,14,13,2,3,0,0
2024/25,12/04/2025,17:30,Bayern Munich,Dortmund,2,2,D,,,,,,8,5,0,0,0,0
2024/25,12/04/2025,14:30,Bochum,Augsburg,1,2,A,,,,,,14,9,2,1,0,1
2024/25,12/04/2025,14:30,Hoffenheim,Mainz,2,0,H,,,,,,18,11,4,2,0,1
2024/25,12/04/2025,14:30,Holstein Kiel,St Pauli,1,2,A,,,,,,15,11,3,4,0,0
2024/25,12/04/2025,14:30,Leverkusen,Union Berlin,0,0,D,,,,,,10,13,2,1,0,0
2024/25,12/04/2025,14:30,M'gladbach,Freiburg,1,2,A,,,,,,4,11,0,1,0,0
2024/25,13/04/2025,16:30,Ein Frankfurt,Heidenheim,3,0,H,,,,,,6,7,1,1,0,0
2024/25,13/04/2025,14:30,Stuttgart,Werder Bremen,1,2,A,,,,,,12,13,3,2,1,0
2024/25,19/04/2025,14:30,Freiburg,Hoffenheim,3,2,H,,,,,,14,13,3,2,0,0
2024/25,19/04/2025,14:30,Heidenheim,Bayern Munich,0,4,A,,,,,,8,11,3,1,0,0
2024/25,19/04/2025,14:30,Mainz,Wolfsburg,2,2,D,,,,,,15,8,2,3,0,0
2024/25,19/04/2025,14:30,RB Leipzig,Holstein Kiel,1,1,D,,,,,,5,9,1,2,0,0
2024/25,19/04/2025,17:30,Union Berlin,Stuttgart,4,4,D,,,,,,8,9,0,2,0,0
2024/25,19/04/2025,14:30,Werder Bremen,Bochum,1,0,H,,,,,,9,20,3,3,0,1
2024/25,20/04/2025,14:30,Augsburg,Ein Frankfurt,0,0,D,,,,,,6,8,2,1,0,0
2024/25,20/04/2025,16:30,Dortmund,M'gladbach,3,2,H,,,,,,13,10,1,2,0,0
2024/25,20/04/2025,18:30,St Pauli,Leverkusen,1,1,D,,,,,,12,12,1,4,0,0
2024/25,25/04/2025,19:30,Stuttgart,Heidenheim,0,1,A,,,,,,14,16,0,4,0,0
2024/25,26/04/2025,14:30,Bayern Munich,Mainz,3,0,H,,,,,,13,17,2,2,0,0
2024/25,26/04/2025,17:30,Ein Frankfurt,RB Leipzig,4,0,H,,,,,,10,13,1,2,0,1
2024/25,26/04/2025,14:30,Hoffenheim,Dortmund,2,3,A,,,,,,17,9,5,1,0,0
2024/25,26/04/2025,14:30,Holstein Kiel,M'gladbach,4,3,H,,,,,,13,11,2,1,0,0
2024/25,26/04/2025,14:30,Leverkusen,Augsburg,2,0,H,,,,,,10,10,0,1,0,0
2024/25,26/04/2025,14:30,Wolfsburg,Freiburg,0,1,A,,,,,,6,9,3,1,1,0
2024/25,27/04/2025,14:30,Bochum,Union Berlin,1,1,D,,,,,,11,9,3,2,0,0
2024/25,27/04/2025,16:30,Werder Bremen,St Pauli,0,0,D,,,,,,9,16,2,3,0,1
2024/25,02/05/2025,19:30,Heidenheim,Bochum,0,0,D,,,,,,8,14,0,1,0,0
2024/25,03/05/2025,17:30,Dortmund,Wolfsburg,4,0,H,,,,,,13,6,0,1,0,0
2024/25,03/05/2025,14:30,M'gladbach,Hoffenheim,4,4,D,,,,,,6,8,0,0,0,0
2024/25,03/05/2025,14:30,RB Leipzig,Bayern Munich,3,3,D,,,,,,9,6,3,1,0,0
2024/25,03/05/2025,14:30,St Pauli,Stuttgart,0,1,A,,,,,,17,12,6,3,2,0
2024/25,03/05/2025,14:30,Union Berlin,Werder Bremen,2,2,D,,,,,,9,8,2,3,0,0
2024/25,04/05/2025,14:30,Augsburg,Holstein Kiel,1,3,A,,,,,,4,20,0,2,0,0
2024/25,04/05/2025,16:30,Freiburg,Leverkusen,2,2,D,,,,,,10,16,1,2,0,0
2024/25,04/05/2025,18:30,Mainz,Ein Frankfurt,1,1,D,,,,,,10,10,1,0,0,0
2024/25,09/05/2025,19:30,Wolfsburg,Hoffenheim,2,2,D,,,,,,11,10,0,2,0,0
2024/25,10/05/2025,17:30,Bayern Munich,M'gladbach,2,0,H,,,,,,3,8,1,1,0,0
2024/25,10/05/2025,14:30,Bochum,Mainz,1,4,A,,,,,,9,6,3,0,0,0
2024/25,10/05/2025,14:30,Holstein Kiel,Freiburg,1,2,A,,,,,,9,13,1,0,0,0
2024/25,10/05/2025,14:30,Union Berlin,Heidenheim,0,3,A,,,,,,14,7,2,0,0,0
2024/25,10/05/2025,14:30,Werder Bremen,RB Leipzig,0,0,D,,,,,,6,13,1,3,0,0
2024/25,11/05/2025,16:30,Ein Frankfurt,St Pauli,2,2,D,,,,,,11,12,2,2,0,0
2024/25,11/05/2025,14:30,Leverkusen,Dortmund,2,4,A,,,,,,7,8,0,2,0,0
2024/25,11/05/2025,18:30,Stuttgart,Augsburg,4,0,H,,,,,,9,7,1,1,0,1
2024/25,17/05/2025,14:30,Augsburg,Union Berlin,1,2,A,,,,,,6,5,0,0,0,0
2024/25,17/05/2025,14:30,Dortmund,Holstein Kiel,3,0,H,,,,,,12,6,3,1,0,1
2024/25,17/05/2025,14:30,Freiburg,Ein Frankfurt,1,3,A,,,,,,13,16,2,4,0,0
2024/25,17/05/2025,14:30,Heidenheim,Werder Bremen,1,4,A,,,,,,11,11,2,2,0,0
2024/25,17/05/2025,14:30,Hoffenheim,Bayern Munich,0,4,A,,,,,,9,7,0,0,0,0
2024/25,17/05/2025,14:30,M'gladbach,Wolfsburg,0,1,A,,,,,,6,4,0,0,0,0
2024/25,17/05/2025,14:30,Mainz,Leverkusen,2,2,D,,,,,,14,13,2,6,0,0
2024/25,17/05/2025,14:30,RB Leipzig,Stuttgart,2,3,A,,,,,,9,9,1,0,0,0
2024/25,17/05/2025,14:30,St Pauli,Bochum,0,2,A,,,,,,3,11,0,0,0,0
2025/26,22/08/2025,19:30,Bayern Munich,RB Leipzig,6,0,H,,,,,,13,13,4,1,0,0
2025/26,23/08/2025,14:30,Ein Frankfurt,Werder Bremen,4,1,H,,,,,,9,9,1,3,0,0
2025/26,23/08/2025,14:30,Freiburg,Augsburg,1,3,A,,,,,,14,18,4,5,0,0
2025/26,23/08/2025,14:30,Heidenheim,Wolfsburg,1,3,A,,,,,,12,12,2,3,0,0
2025/26,23/08/2025,14:30,Leverkusen,Hoffenheim,1,2,A,,,,,,9,17,0,4,0,0
2025/26,23/08/2025,17:30,St Pauli,Dortmund,3,3,D,,,,,,13,12,2,3,0,1
2025/26,23/08/2025,14:30,Union Berlin,Stuttgart,2,1,H,,,,,,21,13,4,4,0,0
2025/26,24/08/2025,16:30,M'gladbach,Hamburg,0,0,D,,,,,,10,10,2,1,0,0
2025/26,24/08/2025,14:30,Mainz,FC Koln,0,1,A,,,,,,7,9,0,2,1,0
2025/26,29/08/2025,19:30,Hamburg,St Pauli,0,2,A,,,,,,13,19,3,3,1,0
2025/26,30/08/2025,17:30,Augsburg,Bayern Munich,2,3,A,,,,,,14,11,3,4,0,0
2025/26,30/08/2025,14:30,Hoffenheim,Ein Frankfurt,1,3,A,,,,,,14,10,2,3,0,0
2025/26,30/08/2025,14:30,RB Leipzig,Heidenheim,2,0,H,,,,,,7,13,2,5,0,0
2025/26,30/08/2025,14:30,Stuttgart,M'gladbach,1,0,H,,,,,,5,13,2,1,0,0
2025/26,30/08/2025,14:30,Werder Bremen,Leverkusen,3,3,D,,,,,,11,10,4,3,1,0
2025/26,31/08/2025,16:30,Dortmund,Union Berlin,3,0,H,,,,,,14,7,0,0,0,0
2025/26,31/08/2025,18:30,FC Koln,Freiburg,4,1,H,,,,,,12,9,2,1,0,0
2025/26,31/08/2025,14:30,Wolfsburg,Mainz,1,1,D,,,,,,15,14,3,5,1,0
2025/26,12/09/2025,19:30,Leverkusen,Ein Frankfurt,3,1,H,,,,,,10,9,5,3,2,0
2025/26,13/09/2025,17:30,Bayern Munich,Hamburg,5,0,H,,,,,,11,14,2,2,0,0
2025/26,13/09/2025,14:30,Freiburg,Stuttgart,3,1,H,,,,,,8,13,1,1,1,0
2025/26,13/09/2025,14:30,Heidenheim,Dortmund,0,2,A,,,,,,5,9,2,3,1,0
2025/26,13/09/2025,14:30,Mainz,RB Leipzig,0,1,A,,,,,,12,11,1,0,0,0
2025/26,13/09/2025,14:30,Union Berlin,Hoffenheim,2,4,A,,,,,,13,12,1,1,1,0
2025/26,13/09/2025,14:30,Wolfsburg,FC Koln,3,3,D,,,,,,15,11,2,3,0,0
2025/26,14/09/2025,16:30,M'gladbach,Werder Bremen,0,4,A,,,,,,12,9,1,0,0,0
2025/26,14/09/2025,14:30,St Pauli,Augsburg,2,1,H,,,,,,10,12,1,4,0,0
2025/26,19/09/2025,19:30,Stuttgart,St Pauli,2,0,H,,,,,,13,15,0,2,0,0
2025/26,20/09/2025,14:30,Augsburg,Mainz,1,4,A,,,,,,13,10,1,2,0,1
2025/26,20/09/2025,14:30,Hamburg,Heidenheim,2,1,H,,,,,,15,10,5,1,0,0
2025/26,20/09/2025,14:30,Hoffenheim,Bayern Munich,1,4,A,,,,,,17,9,1,2,0,0
2025/26,20/09/2025,17:30,RB Leipzig,FC Koln,3,1,H,,,,,,10,8,1,1,0,0
2025/26,20/09/2025,14:30,Werder Bremen,Freiburg,0,3,A,,,,,,13,7,5,2,0,0
2025/26,21/09/2025,18:30,Dortmund,Wolfsburg,1,0,H,,,,,,10,9,1,0,0,0
2025/26,21/09/2025,14:30,Ein Frankfurt,Union Berlin,3,4,A,,,,,,10,11,3,2,0,0
2025/26,21/09/2025,16:30,Leverkusen,M'gladbach,1,1,D,,,,,,12,15,5,5,0,0
2025/26,26/09/2025,19:30,Bayern Munich,Werder Bremen,4,0,H,,,,,,9,4,2,0,0,0
2025/26,27/09/2025,14:30,Heidenheim,Augsburg,2,1,H,,,,,,16,20,1,6,0,0
2025/26,27/09/2025,17:30,M'gladbach,Ein Frankfurt,4,6,A,,,,,,14,8,1,2,0,0
2025/26,27/09/2025,14:30,Mainz,Dortmund,0,2,A,,,,,,12,14,2,1,1,0
2025/26,27/09/2025,14:30,St Pauli,Leverkusen,1,2,A,,,,,,13,11,3,5,0,0
2025/26,27/09/2025,14:30,Wolfsburg,RB Leipzig,0,1,A,,,,,,7,9,2,2,0,0
2025/26,28/09/2025,16:30,FC Koln,Stuttgart,1,2,A,,,,,,12,12,2,2,0,0
2025/26,28/09/2025,14:30,Freiburg,Hoffenheim,1,1,D,,,,,,9,15,3,1,0,0
2025/26,28/09/2025,18:30,Union Berlin,Hamburg,0,0,D,,,,,,18,17,2,2,0,1
2025/26,03/10/2025,19:30,Hoffenheim,FC Koln,0,1,A,,,,,,15,6,3,1,0,0
2025/26,04/10/2025,14:30,Augsburg,Wolfsburg,3,1,H,,,,,,9,7,2,1,0,0
2025/26,04/10/2025,14:30,Dortmund,RB Leipzig,1,1,D,,,,,,13,14,1,3,0,0
2025/26,04/10/2025,17:30,Ein Frankfurt,Bayern Munich,0,3,A,,,,,,11,11,1,2,0,0
2025/26,04/10/2025,14:30,Leverkusen,Union Berlin,2,0,H,,,,,,11,13,1,3,0,0
2025/26,04/10/2025,14:30,Werder Bremen,St Pauli,1,0,H,,,,,,8,9,3,1,0,0
2025/26,05/10/2025,16:30,Hamburg,Mainz,4,0,H,,,,,,14,13,2,3,0,0
2025/26,05/10/2025,18:30,M'gladbach,Freiburg,0,0,D,,,,,,15,7,3,1,0,0
2025/26,05/10/2025,14:30,Stuttgart,Heidenheim,1,0,H,,,,,,11,12,1,1,0,0
2025/26,17/10/2025,19:30,Union Berlin,M'gladbach,3,1,H,,,,,,21,15,5,3,0,0
2025/26,18/10/2025,17:30,Bayern Munich,Dortmund,2,1,H,,,,,,12,17,1,3,0,0
2025/26,18/10/2025,14:30,FC Koln,Augsburg,1,1,D,,,,,,10,17,2,2,0,0
2025/26,18/10/2025,14:30,Heidenheim,Werder Bremen,2,2,D,,,,,,9,11,1,3,0,0
2025/26,18/10/2025,14:30,Mainz,Leverkusen,3,4,A,,,,,,20,12,4,4,0,0
2025/26,18/10/2025,14:30,RB Leipzig,Hamburg,2,1,H,,,,,,13,12,3,1,0,0
2025/26,18/10/2025,14:30,Wolfsburg,Stuttgart,0,3,A,,,,,,12,8,1,1,0,0
2025/26,19/10/2025,14:30,Freiburg,Ein Frankfurt,2,2,D,,,,,,6,15,2,3,0,0
2025/26,19/10/2025,16:30,St Pauli,Hoffenheim,0,3,A,,,,,,10,17,1,3,0,0
2025/26,24/10/2025,19:30,Werder Bremen,Union Berlin,1,0,H,,,,,,6,13,4,0,0,0
2025/26,25/10/2025,14:30,Augsburg,RB Leipzig,0,6,A,,,,,,9,10,3,1,0,0
2025/26,25/10/2025,17:30,Dortmund,FC Koln,1,0,H,,,,,,10,8,2,2,0,0
2025/26,25/10/2025,14:30,Ein Frankfurt,St Pauli,2,0,H,,,,,,11,6,0,1,0,0
2025/26,25/10/2025,14:30,Hamburg,Wolfsburg,0,1,A,,,,,,8,18,1,5,0,0
2025/26,25/10/2025,14:30,Hoffenheim,Heidenheim,3,1,H,,,,,,14,13,1,1,0,0
2025/26,25/10/2025,14:30,M'gladbach,Bayern Munich,0,3,A,,,,,,6,9,0,3,1,0
2025/26,26/10/2025,14:30,Leverkusen,Freiburg,2,0,H,,,,,,9,8,1,2,0,1
2025/26,26/10/2025,16:30,Stuttgart,Mainz,2,1,H,,,,,,11,12,4,3,0,0
2025/26,31/10/2025,19:30,Augsburg,Dortmund,0,1,A,,,,,,14,16,4,1,0,0
2025/26,01/11/2025,17:30,Bayern Munich,Leverkusen,3,0,H,,,,,,11,3,1,1,0,0
2025/26,01/11/2025,14:30,Heidenheim,Ein Frankfurt,1,1,D,,,,,,7,11,0,2,0,0
2025/26,01/11/2025,14:30,Mainz,Werder Bremen,1,1,D,,,,,,19,11,1,3,0,0
2025/26,01/11/2025,14:30,RB Leipzig,Stuttgart,3,1,H,,,,,,8,10,1,2,0,0
2025/26,01/11/2025,14:30,St Pauli,M'gladbach,0,4,A,,,,,,11,8,4,0,0,0
2025/26,01/11/2025,14:30,Union Berlin,Freiburg,0,0,D,,,,,,20,13,6,1,0,0
2025/26,02/11/2025,14:30,FC Koln,Hamburg,4,1,H,,,,,,8,18,1,6,0,2
2025/26,02/11/2025,16:30,Wolfsburg,Hoffenheim,2,3,A,,,,,,10,17,0,2,0,0
2025/26,07/11/2025,19:30,Werder Bremen,Wolfsburg,2,1,H,,,,,,13,8,2,0,0,0
2025/26,08/11/2025,14:30,Hamburg,Dortmund,1,1,D,,,,,,14,8,1,1,0,0
2025/26,08/11/2025,14:30,Hoffenheim,RB Leipzig,3,1,H,,,,,,13,5,3,2,0,0
2025/26,08/11/2025,14:30,Leverkusen,Heidenheim,6,0,H,,,,,,5,7,0,1,0,0
2025/26,08/11/2025,17:30,M'gladbach,FC Koln,3,1,H,,,,,,11,13,2,3,0,0
2025/26,08/11/2025,14:30,Union Berlin,Bayern Munich,2,2,D,,,,,,8,8,2,4,0,0
2025/26,09/11/2025,18:30,Ein Frankfurt,Mainz,1,0,H,,,,,,8,14,0,5,0,0
2025/26,09/11/2025,14:30,Freiburg,St Pauli,2,1,H,,,,,,8,12,2,2,0,0
2025/26,09/11/2025,16:30,Stuttgart,Augsburg,3,2,H,,,,,,13,10,2,3,0,0
2025/26,21/11/2025,19:30,Mainz,Hoffenheim,1,1,D,,,,,,13,13,3,2,1,0
2025/26,22/11/2025,14:30,Augsburg,Hamburg,1,0,H,,,,,,13,10,2,3,1,0
2025/26,22/11/2025,14:30,Bayern Munich,Freiburg,6,2,H,,,,,,9,7,1,0,0,0
2025/26,22/11/2025,14:30,Dortmund,Stuttgart,3,3,D,,,,,,12,10,1,1,0,0
2025/26,22/11/2025,17:30,FC Koln,Ein Frankfurt,3,4,A,,,,,,6,5,0,0,0,0
2025/26,22/11/2025,14:30,Heidenheim,M'gladbach,0,3,A,,,,,,13,12,2,0,0,0
2025/26,22/11/2025,14:30,Wolfsburg,Leverkusen,1,3,A,,,,,,12,7,2,1,0,0
2025/26,23/11/2025,14:30,RB Leipzig,Werder Bremen,2,0,H,,,,,,5,7,1,2,0,0
2025/26,23/11/2025,16:30,St Pauli,Union Berlin,0,1,A,,,,,,10,8,1,1,0,0
2025/26,28/11/2025,19:30,M'gladbach,RB Leipzig,0,0,D,,,,,,9,9,0,3,0,0
2025/26,29/11/2025,14:30,Bayern Munich,St Pauli,3,1,H,,,,,,5,8,1,1,0,0
2025/26,29/11/2025,14:30,Hoffenheim,Augsburg,3,0,H,,,,,,17,9,1,0,0,0
2025/26,29/11/2025,17:30,Leverkusen,Dortmund,1,2,A,,,,,,7,9,3,4,0,0
2025/26,29/11/2025,14:30,Union Berlin,Heidenheim,1,2,A,,,,,,13,10,3,2,0,0
2025/26,29/11/2025,14:30,Werder Bremen,FC Koln,1,1,D,,,,,,11,11,2,4,1,0
2025/26,30/11/2025,16:30,Ein Frankfurt,Wolfsburg,1,1,D,,,,,,7,9,1,4,0,0
2025/26,30/11/2025,18:30,Freiburg,Mainz,4,0,H,,,,,,9,12,0,2,0,1
2025/26,30/11/2025,14:30,Hamburg,Stuttgart,2,1,H,,,,,,16,12,2,4,1,0
2025/26,05/12/2025,19:30,Mainz,M'gladbach,0,1,A,,,,,,12,4,2,1,0,0
2025/26,06/12/2025,14:30,Augsburg,Leverkusen,2,0,H,,,,,,12,6,4,3,0,0
2025/26,06/12/2025,14:30,FC Koln,St Pauli,1,1,D,,,,,,6,6,0,1,0,0
2025/26,06/12/2025,14:30,Heidenheim,Freiburg,2,1,H,,,,,,11,10,2,1,0,0
2025/26,06/12/2025,17:30,RB Leipzig,Ein Frankfurt,6,0,H,,,,,,9,17,1,2,0,0
2025/26,06/12/2025,14:30,Stuttgart,Bayern Munich,0,5,A,,,,,,6,11,2,4,1,0
2025/26,06/12/2025,14:30,Wolfsburg,Union Berlin,3,1,H,,,,,,13,10,4,1,0,0
2025/26,07/12/2025,16:30,Dortmund,Hoffenheim,2,0,H,,,,,,7,9,0,2,0,0
2025/26,07/12/2025,14:30,Hamburg,Werder Bremen,3,2,H,,,,,,8,13,1,6,0,0
2025/26,12/12/2025,19:30,Union Berlin,RB Leipzig,3,1,H,,,,,,7,8,2,2,0,0
2025/26,13/12/2025,14:30,Ein Frankfurt,Augsburg,1,0,H,,,,,,14,10,2,3,0,0
2025/26,13/12/2025,14:30,Hoffenheim,Hamburg,4,1,H,,,,,,16,10,1,3,0,0
2025/26,13/12/2025,17:30,Leverkusen,FC Koln,2,0,H,,,,,,8,6,2,1,0,0
2025/26,13/12/2025,14:30,M'gladbach,Wolfsburg,1,3,A,,,,,,6,8,0,1,0,0
2025/26,13/12/2025,14:30,St Pauli,Heidenheim,2,1,H,,,,,,6,15,2,3,1,0
2025/26,14/12/2025,16:30,Bayern Munich,Mainz,2,2,D,,,,,,7,8,2,2,0,0
2025/26,14/12/2025,14:30,Freiburg,Dortmund,1,1,D,,,,,,11,10,3,2,0,1
2025/26,14/12/2025,18:30,Werder Bremen,Stuttgart,0,4,A,,,,,,11,6,2,0,1,0
2025/26,19/12/2025,19:30,Dortmund,M'gladbach,2,0,H,,,,,,15,13,2,1,0,0
2025/26,20/12/2025,14:30,Augsburg,Werder Bremen,0,0,D,,,,,,10,20,3,4,0,0
2025/26,20/12/2025,14:30,FC Koln,Union Berlin,0,1,A,,,,,,9,18,2,5,1,0
2025/26,20/12/2025,14:30,Hamburg,Ein Frankfurt,1,1,D,,,,,,8,12,0,0,0,0
2025/26,20/12/2025,17:30,RB Leipzig,Leverkusen,1,3,A,,,,,,10,12,1,2,0,0
2025/26,20/12/2025,14:30,Stuttgart,Hoffenheim,0,0,D,,,,,,10,17,3,2,0,0
2025/26,20/12/2025,14:30,Wolfsburg,Freiburg,3,4,A,,,,,,16,8,1,1,0,0
2025/26,21/12/2025,16:30,Heidenheim,Bayern Munich,0,4,A,,,,,,8,6,0,0,0,0
2025/26,21/12/2025,14:30,Mainz,St Pauli,0,0,D,,,,,,5,9,1,1,0,0
2025/26,09/01/2026,19:30,Ein Frankfurt,Dortmund,3,3,D,,,,,,14,6,3,3,0,0
2025/26,10/01/2026,14:30,Freiburg,Hamburg,2,1,H,,,,,,13,11,3,5,0,1
2025/26,10/01/2026,14:30,Heidenheim,FC Koln,2,2,D,,,,,,9,7,2,1,0,0
2025/26,10/01/2026,17:30,Leverkusen,Stuttgart,1,4,A,,,,,,13,11,4,2,0,0
2025/26,10/01/2026,14:30,Union Berlin,Mainz,2,2,D,,,,,,9,8,2,0,0,0
2025/26,11/01/2026,16:30,Bayern Munich,Wolfsburg,8,1,H,,,,,,7,6,0,1,0,0
2025/26,11/01/2026,14:30,M'gladbach,Augsburg,4,0,H,,,,,,16,9,0,1,0,0
2025/26,13/01/2026,19:30,Dortmund,Werder Bremen,3,0,H,,,,,,14,8,2,0,0,0
2025/26,13/01/2026,19:30,Mainz,Heidenheim,2,1,H,,,,,,11,10,2,2,0,0
2025/26,13/01/2026,17:30,Stuttgart,Ein Frankfurt,3,2,H,,,,,,8,15,2,2,0,0
2025/26,14/01/2026,19:30,FC Koln,Bayern Munich,1,3,A,,,,,,3,4,0,0,0,0
2025/26,14/01/2026,19:30,Hoffenheim,M'gladbach,5,1,H,,,,,,16,10,1,1,0,0
2025/26,14/01/2026,19:30,RB Leipzig,Freiburg,2,0,H,,,,,,12,16,0,4,0,0
2025/26,14/01/2026,17:30,Wolfsburg,St Pauli,2,1,H,,,,,,10,9,1,2,0,0
2025/26,15/01/2026,19:30,Augsburg,Union Berlin,1,1,D,,,,,,9,18,1,0,0,1
2025/26,16/01/2026,19:30,Werder Bremen,Ein Frankfurt,3,3,D,,,,,,8,15,1,4,0,0
2025/26,17/01/2026,14:30,Dortmund,St Pauli,3,2,H,,,,,,9,11,3,1,0,0
2025/26,17/01/2026,14:30,FC Koln,Mainz,2,1,H,,,,,,6,10,4,4,0,0
2025/26,17/01/2026,14:30,Hamburg,M'gladbach,0,0,D,,,,,,16,18,1,2,0,0
2025/26,17/01/2026,14:30,Hoffenheim,Leverkusen,1,0,H,,,,,,17,7,2,1,0,0
2025/26,17/01/2026,17:30,RB Leipzig,Bayern Munich,1,5,A,,,,,,7,6,1,0,0,0
2025/26,17/01/2026,14:30,Wolfsburg,Heidenheim,1,1,D,,,,,,10,12,4,3,0,0
2025/26,18/01/2026,16:30,Augsburg,Freiburg,2,2,D,,,,,,11,14,3,2,0,0
2025/26,18/01/2026,14:30,Stuttgart,Union Berlin,1,1,D,,,,,,6,11,1,1,0,0
2025/26,23/01/2026,19:30,St Pauli,Hamburg,0,0,D,,,,,,15,13,1,1,0,0
2025/26,24/01/2026,14:30,Bayern Munich,Augsburg,1,2,A,,,,,,10,5,1,1,0,0
2025/26,24/01/2026,14:30,Ein Frankfurt,Hoffenheim,1,3,A,,,,,,8,16,0,4,0,0
2025/26,24/01/2026,14:30,Heidenheim,RB Leipzig,0,3,A,,,,,,10,9,1,0,0,0
2025/26,24/01/2026,14:30,Leverkusen,Werder Bremen,1,0,H,,,,,,6,9,2,3,0,0
2025/26,24/01/2026,14:30,Mainz,Wolfsburg,3,1,H,,,,,,8,11,3,2,0,0
2025/26,24/01/2026,17:30,Union Berlin,Dortmund,0,3,A,,,,,,10,16,0,1,0,0
2025/26,25/01/2026,16:30,Freiburg,FC Koln,2,1,H,,,,,,5,9,1,2,0,0
2025/26,25/01/2026,14:30,M'gladbach,Stuttgart,0,3,A,,,,,,11,7,1,1,0,0
2025/26,27/01/2026,19:30,St Pauli,RB Leipzig,1,1,D,,,,,,6,8,0,1,0,0
2025/26,27/01/2026,19:30,Werder Bremen,Hoffenheim,0,2,A,,,,,,7,10,2,2,0,1
2025/26,30/01/2026,19:30,FC Koln,Wolfsburg,1,0,H,,,,,,8,16,1,4,0,0
2025/26,31/01/2026,14:30,Augsburg,St Pauli,2,1,H,,,,,,15,13,3,1,0,0
2025/26,31/01/2026,14:30,Ein Frankfurt,Leverkusen,1,3,A,,,,,,11,10,3,1,1,0
2025/26,31/01/2026,17:30,Hamburg,Bayern Munich,2,2,D,,,,,,12,16,6,4,0,0
2025/26,31/01/2026,14:30,Hoffenheim,Union Berlin,3,1,H,,,,,,11,18,2,2,0,0
2025/26,31/01/2026,14:30,RB Leipzig,Mainz,1,2,A,,,,,,4,13,0,4,0,0
2025/26,31/01/2026,14:30,Werder Bremen,M'gladbach,1,1,D,,,,,,10,14,0,1,0,0
2025/26,01/02/2026,16:30,Dortmund,Heidenheim,3,2,H,,,,,,11,11,2,2,0,0
2025/26,01/02/2026,14:30,Stuttgart,Freiburg,1,0,H,,,,,,14,14,3,1,0,0
2025/26,06/02/2026,19:30,Union Berlin,Ein Frankfurt,1,1,D,,,,,,9,11,4,3,0,1
2025/26,07/02/2026,14:30,Freiburg,Werder Bremen,1,0,H,,,,,,9,12,0,1,1,0
2025/26,07/02/2026,14:30,Heidenheim,Hamburg,0,2,A,,,,,,6,11,0,2,0,0
2025/26,07/02/2026,17:30,M'gladbach,Leverkusen,1,1,D,,,,,,7,11,2,3,0,0
2025/26,07/02/2026,14:30,Mainz,Augsburg,2,0,H,,,,,,12,10,2,2,0,0
2025/26,07/02/2026,14:30,St Pauli,Stuttgart,2,1,H,,,,,,9,10,0,2,0,0
2025/26,07/02/2026,14:30,Wolfsburg,Dortmund,1,2,A,,,,,,13,10,1,1,0,0
2025/26,08/02/2026,16:30,Bayern Munich,Hoffenheim,5,1,H,,,,,,11,9,2,2,0,1
2025/26,08/02/2026,14:30,FC Koln,RB Leipzig,1,2,A,,,,,,7,13,1,4,0,0
2025/26,13/02/2026,19:30,Dortmund,Mainz,4,0,H,,,,,,10,5,3,2,0,0
2025/26,14/02/2026,14:30,Ein Frankfurt,M'gladbach,3,0,H,,,,,,11,11,3,2,0,0
2025/26,14/02/2026,14:30,Hamburg,Union Berlin,3,2,H,,,,,,12,7,3,0,0,0
2025/26,14/02/2026,14:30,Hoffenheim,Freiburg,3,0,H,,,,,,8,6,3,1,0,0
2025/26,14/02/2026,14:30,Leverkusen,St Pauli,4,0,H,,,,,,7,11,0,1,0,0
2025/26,14/02/2026,17:30,Stuttgart,FC Koln,3,1,H,,,,,,10,10,4,1,0,0
2025/26,14/02/2026,14:30,Werder Bremen,Bayern Munich,0,3,A,,,,,,10,6,3,1,0,0
2025/26,15/02/2026,14:30,Augsburg,Heidenheim,1,0,H,,,,,,9,9,1,2,0,0
2025/26,15/02/2026,16:30,RB Leipzig,Wolfsburg,2,2,D,,,,,,6,10,1,2,0,0
2025/26,20/02/2026,19:30,Mainz,Hamburg,1,1,D,,,,,,16,13,3,2,0,0
2025/26,21/02/2026,14:30,Bayern Munich,Ein Frankfurt,3,2,H,,,,,,9,10,0,3,0,0
2025/26,21/02/2026,14:30,FC Koln,Hoffenheim,2,2,D,,,,,,6,12,1,3,0,0
2025/26,21/02/2026,17:30,RB Leipzig,Dortmund,2,2,D,,,,,,11,17,3,4,0,0
2025/26,21/02/2026,14:30,Union Berlin,Leverkusen,1,0,H,,,,,,15,7,5,2,0,0
2025/26,21/02/2026,14:30,Wolfsburg,Augsburg,2,3,A,,,,,,10,16,3,4,0,0
2025/26,22/02/2026,14:30,Freiburg,M'gladbach,2,1,H,,,,,,9,8,1,2,0,0
2025/26,22/02/2026,18:30,Heidenheim,Stuttgart,3,3,D,,,,,,13,7,1,2,0,0
2025/26,22/02/2026,16:30,St Pauli,Werder Bremen,2,1,H,,,,,,6,10,2,6,0,0
2025/26,27/02/2026,19:30,Augsburg,FC Koln,2,0,H,,,,,,15,4,4,1,0,0
2025/26,28/02/2026,17:30,Dortmund,Bayern Munich,2,3,A,,,,,,15,10,1,0,0,0
2025/26,28/02/2026,14:30,Hoffenheim,St Pauli,0,1,A,,,,,,13,7,1,2,0,0
2025/26,28/02/2026,14:30,Leverkusen,Mainz,1,1,D,,,,,,9,13,1,2,0,0
2025/26,28/02/2026,14:30,M'gladbach,Union Berlin,1,0,H,,,,,,5,18,4,5,0,0
2025/26,28/02/2026,14:30,Werder Bremen,Heidenheim,2,0,H,,,,,,14,9,1,0,0,0
2025/26,01/03/2026,16:30,Ein Frankfurt,Freiburg,2,0,H,,,,,,9,11,1,2,0,0
2025/26,01/03/2026,18:30,Hamburg,RB Leipzig,1,2,A,,,,,,8,12,3,2,0,0
2025/26,01/03/2026,14:30,Stuttgart,Wolfsburg,4,0,H,,,,,,5,17,1,0,0,0
2025/26,04/03/2026,19:30,Hamburg,Leverkusen,0,1,A,,,,,,12,11,0,2,0,0
2025/26,06/03/2026,19:30,Bayern Munich,M'gladbach,4,1,H,,,,,,7,12,1,0,0,1
2025/26,07/03/2026,17:30,FC Koln,Dortmund,1,2,A,,,,,,9,13,1,1,1,0
2025/26,07/03/2026,14:30,Freiburg,Leverkusen,3,3,D,,,,,,7,8,3,3,0,0
2025/26,07/03/2026,14:30,Heidenheim,Hoffenheim,2,4,A,,,,,,7,15,0,0,0,0
2025/26,07/03/2026,14:30,Mainz,Stuttgart,2,2,D,,,,,,7,12,0,2,0,0
2025/26,07/03/2026,14:30,RB Leipzig,Augsburg,2,1,H,,,,,,8,9,0,2,0,0
2025/26,07/03/2026,14:30,Wolfsburg,Hamburg,1,2,A,,,,,,18,6,3,3,1,0
2025/26,08/03/2026,14:30,St Pauli,Ein Frankfurt,0,0,D,,,,,,13,8,2,1,0,0
2025/26,08/03/2026,16:30,Union Berlin,Werder Bremen,1,4,A,,,,,,5,13,1,3,1,0
2025/26,13/03/2026,19:30,M'gladbach,St Pauli,2,0,H,,,,,,9,7,1,2,0,0
2025/26,14/03/2026,14:30,Dortmund,Augsburg,2,0,H,,,,,,7,7,0,0,0,0
2025/26,14/03/2026,14:30,Ein Frankfurt,Heidenheim,1,0,H,,,,,,5,9,3,2,1,0
2025/26,14/03/2026,17:30,Hamburg,FC Koln,1,1,D,,,,,,11,12,2,4,0,0
2025/26,14/03/2026,14:30,Hoffenheim,Wolfsburg,1,1,D,,,,,,10,10,0,3,0,0
2025/26,14/03/2026,14:30,Leverkusen,Bayern Munich,1,1,D,,,,,,12,13,3,4,0,2
2025/26,15/03/2026,16:30,Freiburg,Union Berlin,0,1,A,,,,,,6,19,0,2,0,0
2025/26,15/03/2026,18:30,Stuttgart,RB Leipzig,1,0,H,,,,,,5,16,1,2,0,0
2025/26,15/03/2026,14:30,Werder Bremen,Mainz,0,2,A,,,,,,7,7,2,1,0,0
2025/26,20/03/2026,19:30,RB Leipzig,Hoffenheim,5,0,H,,,,,,8,16,1,1,0,0
2025/26,21/03/2026,14:30,Bayern Munich,Union Berlin,4,0,H,,,,,,5,8,1,2,0,0
2025/26,21/03/2026,17:30,Dortmund,Hamburg,3,2,H,,,,,,10,8,2,3,0,0
2025/26,21/03/2026,14:30,FC Koln,M'gladbach,3,3,D,,,,,,8,14,8,2,1,0
2025/26,21/03/2026,14:30,Heidenheim,Leverkusen,3,3,D,,,,,,11,12,4,4,0,0
2025/26,21/03/2026,14:30,Wolfsburg,Werder Bremen,0,1,A,,,,,,16,6,3,0,1,0
2025/26,22/03/2026,18:30,Augsburg,Stuttgart,2,5,A,,,,,,11,14,1,3,0,0
2025/26,22/03/2026,14:30,Mainz,Ein Frankfurt,2,1,H,,,,,,12,5,2,1,0,0
2025/26,22/03/2026,16:30,St Pauli,Freiburg,1,2,A,,,,,,9,6,1,1,0,0
2025/26,04/04/2026,14:30,Freiburg,Bayern Munich,2,3,A,,,,,,9,13,3,3,0,0
2025/26,04/04/2026,14:30,Hamburg,Augsburg,1,1,D,,,,,,12,12,2,3,1,0
2025/26,04/04/2026,14:30,Hoffenheim,Mainz,1,2,A,,,,,,11,5,4,1,0,0
2025/26,04/04/2026,14:30,Leverkusen,Wolfsburg,6,3,H,,,,,,8,11,1,3,0,0
2025/26,04/04/2026,14:30,M'gladbach,Heidenheim,2,2,D,,,,,,12,11,4,0,0,0
2025/26,04/04/2026,17:30,Stuttgart,Dortmund,0,2,A,,,,,,10,12,2,4,0,0
2025/26,04/04/2026,14:30,Werder Bremen,RB Leipzig,1,2,A,,,,,,13,14,2,1,0,0
2025/26,05/04/2026,16:30,Ein Frankfurt,FC Koln,2,2,D,,,,,,10,7,1,2,0,0
2025/26,05/04/2026,14:30,Union Berlin,St Pauli,1,1,D,,,,,,10,8,0,2,0,1
2025/26,10/04/2026,19:30,Augsburg,Hoffenheim,2,2,D,,,,,,6,18,5,3,0,0
2025/26,11/04/2026,14:30,Dortmund,Leverkusen,0,1,A,,,,,,5,6,3,0,0,0
2025/26,11/04/2026,14:30,Heidenheim,Union Berlin,3,1,H,,,,,,7,13,0,2,0,0
2025/26,11/04/2026,14:30,RB Leipzig,M'gladbach,1,0,H,,,,,,9,6,4,1,0,0
2025/26,11/04/2026,17:30,St Pauli,Bayern Munich,0,5,A,,,,,,9,7,1,2,0,0
2025/26,11/04/2026,14:30,Wolfsburg,Ein Frankfurt,1,2,A,,,,,,9,8,2,1,0,0
2025/26,12/04/2026,14:30,FC Koln,Werder Bremen,3,1,H,,,,,,16,7,3,2,0,1
2025/26,12/04/2026,18:30,Mainz,Freiburg,0,1,A,,,,,,10,13,1,3,0,0
2025/26,12/04/2026,16:30,Stuttgart,Hamburg,4,0,H,,,,,,10,14,2,1,0,0
2025/26,17/04/2026,19:30,St Pauli,FC Koln,1,1,D,,,,,,6,2,4,1,0,0
2025/26,18/04/2026,17:30,Ein Frankfurt,RB Leipzig,1,3,A,,,,,,7,7,0,1,0,0
2025/26,18/04/2026,14:30,Hoffenheim,Dortmund,2,1,H,,,,,,14,11,2,3,0,0
2025/26,18/04/2026,14:30,Leverkusen,Augsburg,1,2,A,,,,,,5,8,2,1,0,0
2025/26,18/04/2026,14:30,Union Berlin,Wolfsburg,1,2,A,,,,,,13,15,1,1,0,0
2025/26,18/04/2026,14:30,Werder Bremen,Hamburg,3,1,H,,,,,,14,14,4,3,0,1
2025/26,19/04/2026,16:30,Bayern Munich,Stuttgart,4,2,H,,,,,,6,3,0,0,0,0
2025/26,19/04/2026,14:30,Freiburg,Heidenheim,2,1,H,,,,,,10,9,1,0,0,0
2025/26,19/04/2026,18:30,M'gladbach,Mainz,1,1,D,,,,,,12,8,5,2,0,0
2025/26,24/04/2026,19:30,RB Leipzig,Union Berlin,3,1,H,,,,,,6,10,1,1,0,0
2025/26,25/04/2026,14:30,Augsburg,Ein Frankfurt,1,1,D,,,,,,11,13,1,2,0,0
2025/26,25/04/2026,14:30,FC Koln,Leverkusen,1,2,A,,,,,,11,5,1,2,0,0
2025/26,25/04/2026,17:30,Hamburg,Hoffenheim,1,2,A,,,,,,11,18,2,4,0,0
2025/26,25/04/2026,14:30,Heidenheim,St Pauli,2,0,H,,,,,,7,6,0,1,0,0
2025/26,25/04/2026,14:30,Mainz,Bayern Munich,3,4,A,,,,,,14,10,1,2,0,0
2025/26,25/04/2026,14:30,Wolfsburg,M'gladbach,0,0,D,,,,,,11,5,1,3,0,1
2025/26,26/04/2026,16:30,Dortmund,Freiburg,4,0,H,,,,,,19,10,1,0,0,0
2025/26,26/04/2026,14:30,Stuttgart,Werder Bremen,1,1,D,,,,,,8,10,0,1,0,0
2025/26,02/05/2026,14:30,Bayern Munich,Heidenheim,3,3,D,,,,,,6,7,3,2,0,0
2025/26,02/05/2026,14:30,Ein Frankfurt,Hamburg,1,2,A,,,,,,13,5,6,1,1,0
2025/26,02/05/2026,14:30,Hoffenheim,Stuttgart,3,3,D,,,,,,18,9,3,1,0,1
2025/26,02/05/2026,17:30,Leverkusen,RB Leipzig,4,1,H,,,,,,7,12,1,3,0,0
2025/26,02/05/2026,14:30,Union Berlin,FC Koln,2,2,D,,,,,,7,10,2,3,0,0
2025/26,02/05/2026,14:30,Werder Bremen,Augsburg,1,3,A,,,,,,11,4,1,1,0,0
2025/26,03/05/2026,18:30,Freiburg,Wolfsburg,1,1,D,,,,,,5,11,1,1,0,0
2025/26,03/05/2026,16:30,M'gladbach,Dortmund,1,0,H,,,,,,14,17,3,1,0,0
2025/26,03/05/2026,14:30,St Pauli,Mainz,1,2,A,,,,,,10,8,3,1,0,0
2025/26,08/05/2026,19:30,Dortmund,Ein Frankfurt,3,2,H,,,,,,14,8,3,0,0,0
2025/26,09/05/2026,14:30,Augsburg,M'gladbach,3,1,H,,,,,,11,9,2,2,0,0
2025/26,09/05/2026,14:30,Hoffenheim,Werder Bremen,1,0,H,,,,,,4,3,1,2,0,1
2025/26,09/05/2026,14:30,RB Leipzig,St Pauli,2,1,H,,,,,,5,9,2,0,0,0
2025/26,09/05/2026,14:30,Stuttgart,Leverkusen,3,1,H,,,,,,13,8,2,1,0,0
2025/26,09/05/2026,17:30,Wolfsburg,Bayern Munich,0,1,A,,,,,,8,5,1,0,0,0
2025/26,10/05/2026,16:30,FC Koln,Heidenheim,1,3,A,,,,,,9,8,2,2,0,0
2025/26,10/05/2026,14:30,Hamburg,Freiburg,3,2,H,,,,,,15,8,2,2,0,0
2025/26,10/05/2026,18:30,Mainz,Union Berlin,1,3,A,,,,,,11,10,2,1,0,0
2025/26,16/05/2026,14:30,Bayern Munich,FC Koln,5,1,H,,,,,,6,4,1,1,0,0
2025/26,16/05/2026,14:30,Ein Frankfurt,Stuttgart,2,2,D,,,,,,14,12,2,3,0,0
2025/26,16/05/2026,14:30,Freiburg,RB Leipzig,4,1,H,,,,,,13,7,0,1,0,0
2025/26,16/05/2026,14:30,Heidenheim,Mainz,0,2,A,,,,,,8,12,1,1,0,0
2025/26,16/05/2026,14:30,Leverkusen,Hamburg,1,1,D,,,,,,8,11,1,2,0,0
2025/26,16/05/2026,14:30,M'gladbach,Hoffenheim,4,0,H,,,,,,11,15,4,6,0,1
2025/26,16/05/2026,14:30,St Pauli,Wolfsburg,1,3,A,,,,,,6,9,2,3,0,0
2025/26,16/05/2026,14:30,Union Berlin,Augsburg,4,0,H,,,,,,6,7,3,1,0,0
2025/26,16/05/2026,14:30,Werder Bremen,Dortmund,0,2,A,,,,,,8,5,0,0,0,0
2026/27,28/08/2026,19:30,Bayern Munich,Stuttgart,5,1,H,,,,,,10,17,1,3,0,0
2026/27,29/08/2026,17:30,Dortmund,Hamburg,2,0,H,Felix Zwayer,1,Felix Prigan,Benjamin Brand,Felix-Benjamin Schwermer,13,19,2,1,1,0
2026/27,29/08/2026,14:30,Elversberg,Leverkusen,3,2,H,Robert Hartmann,1,Tom Bauer,Guido Winkmann,Guido Kleve,18,15,3,2,0,0
2026/27,29/08/2026,14:30,FC Koln,Hoffenheim,3,2,H,Florian Badstübner,1,Lukas Benen,Patrick Hanslbauer,Christian Fischer,11,14,0,2,0,0
2026/27,29/08/2026,14:30,Mainz,Paderborn,0,0,D,Tobias Stieler,1,Martin Petersen,Dr. Matthias Jöllenbeck,Dr. Justus Zorn,8,10,1,2,0,0
2026/27,29/08/2026,14:30,RB Leipzig,M'gladbach,3,0,H,Sven Jablonski,1,Dr. Max Burda,Günter Perl,Frederick Assmuth,10,13,1,0,0,0
2026/27,29/08/2026,14:30,Union Berlin,Ein Frankfurt,3,3,D,Bastian Dankert,1,Konrad Oldhafer,Christian Dingert,Patrick Alt,11,10,2,4,0,0
2026/27,30/08/2026,16:30,Augsburg,Schalke 04,3,0,H,Sascha Stegemann,1,Tobias Reichel,Robert Schröder,Mike Pickel,5,6,1,0,0,1
2026/27,30/08/2026,14:30,Freiburg,Werder Bremen,4,1,H,Daniel Siebert,1,Daniel Schlager,Benjamin Cortus,Markus Häcker,13,16,1,1,0,0
